photo_a,photo_b,breed_a,breed_b,pile_a,pile_b,dhash_distance,phash_distance,confirmed_copy,exact_copy,same_breed,crosses_piles,pile_pair
n02085782-Japanese_spaniel/n02085782_186.jpg,n02086646-Blenheim_spaniel/n02086646_172.jpg,n02085782-Japanese_spaniel,n02086646-Blenheim_spaniel,val,train,0,0,True,True,False,True,train-val
n02085782-Japanese_spaniel/n02085782_2459.jpg,n02097474-Tibetan_terrier/n02097474_1962.jpg,n02085782-Japanese_spaniel,n02097474-Tibetan_terrier,train,train,0,0,True,False,False,False,train-train
n02085782-Japanese_spaniel/n02085782_2655.jpg,n02085782-Japanese_spaniel/n02085782_2796.jpg,n02085782-Japanese_spaniel,n02085782-Japanese_spaniel,train,train,0,0,True,False,True,False,train-train
n02085782-Japanese_spaniel/n02085782_313.jpg,n02086646-Blenheim_spaniel/n02086646_280.jpg,n02085782-Japanese_spaniel,n02086646-Blenheim_spaniel,train,train,0,0,True,True,False,False,train-train
n02085782-Japanese_spaniel/n02085782_381.jpg,n02102040-English_springer/n02102040_639.jpg,n02085782-Japanese_spaniel,n02102040-English_springer,train,train,0,0,True,True,False,False,train-train
n02085782-Japanese_spaniel/n02085782_50.jpg,n02086910-papillon/n02086910_103.jpg,n02085782-Japanese_spaniel,n02086910-papillon,train,train,0,0,True,True,False,False,train-train
n02086240-Shih-Tzu/n02086240_3921.jpg,n02097474-Tibetan_terrier/n02097474_7300.jpg,n02086240-Shih-Tzu,n02097474-Tibetan_terrier,train,train,0,0,True,True,False,False,train-train
n02086646-Blenheim_spaniel/n02086646_1445.jpg,n02086646-Blenheim_spaniel/n02086646_422.jpg,n02086646-Blenheim_spaniel,n02086646-Blenheim_spaniel,train,train,0,0,True,True,True,False,train-train
n02088466-bloodhound/n02088466_7015.jpg,n02088466-bloodhound/n02088466_8078.jpg,n02088466-bloodhound,n02088466-bloodhound,train,train,0,0,True,True,True,False,train-train
n02088466-bloodhound/n02088466_7462.jpg,n02090379-redbone/n02090379_3300.jpg,n02088466-bloodhound,n02090379-redbone,val,train,0,0,True,True,False,True,train-val
n02088632-bluetick/n02088632_4334.jpg,n02088632-bluetick/n02088632_4584.jpg,n02088632-bluetick,n02088632-bluetick,train,train,0,0,True,True,True,False,train-train
n02088632-bluetick/n02088632_4360.jpg,n02088632-bluetick/n02088632_600.jpg,n02088632-bluetick,n02088632-bluetick,train,train,0,0,True,True,True,False,train-train
n02088632-bluetick/n02088632_819.jpg,n02088632-bluetick/n02088632_982.jpg,n02088632-bluetick,n02088632-bluetick,train,train,0,0,True,True,True,False,train-train
n02089078-black-and-tan_coonhound/n02089078_19.jpg,n02089078-black-and-tan_coonhound/n02089078_3078.jpg,n02089078-black-and-tan_coonhound,n02089078-black-and-tan_coonhound,val,train,0,4,True,False,True,True,train-val
n02089867-Walker_hound/n02089867_1882.jpg,n02089973-English_foxhound/n02089973_2093.jpg,n02089867-Walker_hound,n02089973-English_foxhound,train,train,0,0,True,False,False,False,train-train
n02089867-Walker_hound/n02089867_2880.jpg,n02089973-English_foxhound/n02089973_3160.jpg,n02089867-Walker_hound,n02089973-English_foxhound,test,train,0,2,True,False,False,True,train-test
n02089867-Walker_hound/n02089867_3108.jpg,n02089867-Walker_hound/n02089867_3177.jpg,n02089867-Walker_hound,n02089867-Walker_hound,test,train,0,0,True,True,True,True,train-test
n02089867-Walker_hound/n02089867_3840.jpg,n02089973-English_foxhound/n02089973_2211.jpg,n02089867-Walker_hound,n02089973-English_foxhound,val,val,0,0,True,False,False,False,val-val
n02089867-Walker_hound/n02089867_4001.jpg,n02089973-English_foxhound/n02089973_1957.jpg,n02089867-Walker_hound,n02089973-English_foxhound,val,val,0,0,True,False,False,False,val-val
n02090379-redbone/n02090379_4667.jpg,n02090379-redbone/n02090379_855.jpg,n02090379-redbone,n02090379-redbone,test,train,0,0,True,True,True,True,train-test
n02091134-whippet/n02091134_16337.jpg,n02105251-briard/n02105251_7647.jpg,n02091134-whippet,n02105251-briard,train,train,0,0,True,True,False,False,train-train
n02091831-Saluki/n02091831_13767.jpg,n02091831-Saluki/n02091831_6323.jpg,n02091831-Saluki,n02091831-Saluki,val,train,0,0,True,True,True,True,train-val
n02092002-Scottish_deerhound/n02092002_1767.jpg,n02092002-Scottish_deerhound/n02092002_4745.jpg,n02092002-Scottish_deerhound,n02092002-Scottish_deerhound,train,train,0,0,True,True,True,False,train-train
n02092002-Scottish_deerhound/n02092002_2448.jpg,n02092002-Scottish_deerhound/n02092002_6503.jpg,n02092002-Scottish_deerhound,n02092002-Scottish_deerhound,test,train,0,0,True,True,True,True,train-test
n02092002-Scottish_deerhound/n02092002_5504.jpg,n02092002-Scottish_deerhound/n02092002_5557.jpg,n02092002-Scottish_deerhound,n02092002-Scottish_deerhound,train,train,0,0,True,True,True,False,train-train
n02093256-Staffordshire_bullterrier/n02093256_4090.jpg,n02093428-American_Staffordshire_terrier/n02093428_5635.jpg,n02093256-Staffordshire_bullterrier,n02093428-American_Staffordshire_terrier,test,val,0,0,True,True,False,True,val-test
n02093256-Staffordshire_bullterrier/n02093256_5988.jpg,n02093428-American_Staffordshire_terrier/n02093428_1378.jpg,n02093256-Staffordshire_bullterrier,n02093428-American_Staffordshire_terrier,val,test,0,0,True,True,False,True,val-test
n02093256-Staffordshire_bullterrier/n02093256_6177.jpg,n02093428-American_Staffordshire_terrier/n02093428_8454.jpg,n02093256-Staffordshire_bullterrier,n02093428-American_Staffordshire_terrier,train,train,0,0,True,True,False,False,train-train
n02093647-Bedlington_terrier/n02093647_1766.jpg,n02093647-Bedlington_terrier/n02093647_3277.jpg,n02093647-Bedlington_terrier,n02093647-Bedlington_terrier,train,train,0,0,True,True,True,False,train-train
n02093647-Bedlington_terrier/n02093647_2585.jpg,n02093647-Bedlington_terrier/n02093647_518.jpg,n02093647-Bedlington_terrier,n02093647-Bedlington_terrier,train,test,0,0,True,True,True,True,train-test
n02093647-Bedlington_terrier/n02093647_2626.jpg,n02093647-Bedlington_terrier/n02093647_2687.jpg,n02093647-Bedlington_terrier,n02093647-Bedlington_terrier,val,test,0,0,True,True,True,True,val-test
n02093859-Kerry_blue_terrier/n02093859_1697.jpg,n02095314-wire-haired_fox_terrier/n02095314_3495.jpg,n02093859-Kerry_blue_terrier,n02095314-wire-haired_fox_terrier,train,train,0,0,True,False,False,False,train-train
n02093859-Kerry_blue_terrier/n02093859_3209.jpg,n02093859-Kerry_blue_terrier/n02093859_324.jpg,n02093859-Kerry_blue_terrier,n02093859-Kerry_blue_terrier,val,train,0,0,True,True,True,True,train-val
n02093991-Irish_terrier/n02093991_114.jpg,n02095314-wire-haired_fox_terrier/n02095314_80.jpg,n02093991-Irish_terrier,n02095314-wire-haired_fox_terrier,test,test,0,0,True,True,False,False,test-test
n02093991-Irish_terrier/n02093991_2923.jpg,n02093991-Irish_terrier/n02093991_4670.jpg,n02093991-Irish_terrier,n02093991-Irish_terrier,test,train,0,0,True,True,True,True,train-test
n02094114-Norfolk_terrier/n02094114_1020.jpg,n02094258-Norwich_terrier/n02094258_880.jpg,n02094114-Norfolk_terrier,n02094258-Norwich_terrier,train,train,0,0,True,True,False,False,train-train
n02094114-Norfolk_terrier/n02094114_1696.jpg,n02094258-Norwich_terrier/n02094258_1408.jpg,n02094114-Norfolk_terrier,n02094258-Norwich_terrier,train,train,0,0,True,True,False,False,train-train
n02095314-wire-haired_fox_terrier/n02095314_2038.jpg,n02095570-Lakeland_terrier/n02095570_95.jpg,n02095314-wire-haired_fox_terrier,n02095570-Lakeland_terrier,train,train,0,0,True,False,False,False,train-train
n02095314-wire-haired_fox_terrier/n02095314_2754.jpg,n02095570-Lakeland_terrier/n02095570_3101.jpg,n02095314-wire-haired_fox_terrier,n02095570-Lakeland_terrier,train,train,0,0,True,True,False,False,train-train
n02095314-wire-haired_fox_terrier/n02095314_2964.jpg,n02095570-Lakeland_terrier/n02095570_5404.jpg,n02095314-wire-haired_fox_terrier,n02095570-Lakeland_terrier,train,train,0,0,True,True,False,False,train-train
n02095314-wire-haired_fox_terrier/n02095314_3189.jpg,n02095314-wire-haired_fox_terrier/n02095314_3227.jpg,n02095314-wire-haired_fox_terrier,n02095314-wire-haired_fox_terrier,train,val,0,0,True,True,True,True,train-val
n02095314-wire-haired_fox_terrier/n02095314_3509.jpg,n02095570-Lakeland_terrier/n02095570_6443.jpg,n02095314-wire-haired_fox_terrier,n02095570-Lakeland_terrier,train,train,0,0,True,True,False,False,train-train
n02095570-Lakeland_terrier/n02095570_1575.jpg,n02095889-Sealyham_terrier/n02095889_1582.jpg,n02095570-Lakeland_terrier,n02095889-Sealyham_terrier,train,val,0,0,True,True,False,True,train-val
n02095889-Sealyham_terrier/n02095889_1019.jpg,n02095889-Sealyham_terrier/n02095889_47.jpg,n02095889-Sealyham_terrier,n02095889-Sealyham_terrier,train,test,0,0,True,False,True,True,train-test
n02095889-Sealyham_terrier/n02095889_2031.jpg,n02095889-Sealyham_terrier/n02095889_5011.jpg,n02095889-Sealyham_terrier,n02095889-Sealyham_terrier,test,train,0,0,True,False,True,True,train-test
n02095889-Sealyham_terrier/n02095889_2134.jpg,n02095889-Sealyham_terrier/n02095889_2471.jpg,n02095889-Sealyham_terrier,n02095889-Sealyham_terrier,train,test,0,0,True,True,True,True,train-test
n02095889-Sealyham_terrier/n02095889_3354.jpg,n02095889-Sealyham_terrier/n02095889_6458.jpg,n02095889-Sealyham_terrier,n02095889-Sealyham_terrier,train,train,0,0,True,True,True,False,train-train
n02096437-Dandie_Dinmont/n02096437_2580.jpg,n02096437-Dandie_Dinmont/n02096437_3112.jpg,n02096437-Dandie_Dinmont,n02096437-Dandie_Dinmont,train,val,0,6,True,False,True,True,train-val
n02097047-miniature_schnauzer/n02097047_951.jpg,n02097209-standard_schnauzer/n02097209_583.jpg,n02097047-miniature_schnauzer,n02097209-standard_schnauzer,train,train,0,0,True,True,False,False,train-train
n02097130-giant_schnauzer/n02097130_4193.jpg,n02097130-giant_schnauzer/n02097130_5576.jpg,n02097130-giant_schnauzer,n02097130-giant_schnauzer,train,train,0,0,True,True,True,False,train-train
n02097130-giant_schnauzer/n02097130_857.jpg,n02097209-standard_schnauzer/n02097209_585.jpg,n02097130-giant_schnauzer,n02097209-standard_schnauzer,test,train,0,0,True,True,False,True,train-test
n02097298-Scotch_terrier/n02097298_2083.jpg,n02098286-West_Highland_white_terrier/n02098286_830.jpg,n02097298-Scotch_terrier,n02098286-West_Highland_white_terrier,test,test,0,0,True,True,False,False,test-test
n02097474-Tibetan_terrier/n02097474_4907.jpg,n02098105-soft-coated_wheaten_terrier/n02098105_2456.jpg,n02097474-Tibetan_terrier,n02098105-soft-coated_wheaten_terrier,train,train,0,0,True,True,False,False,train-train
n02097658-silky_terrier/n02097658_4201.jpg,n02097658-silky_terrier/n02097658_8018.jpg,n02097658-silky_terrier,n02097658-silky_terrier,train,train,0,0,True,True,True,False,train-train
n02098105-soft-coated_wheaten_terrier/n02098105_1090.jpg,n02098105-soft-coated_wheaten_terrier/n02098105_2945.jpg,n02098105-soft-coated_wheaten_terrier,n02098105-soft-coated_wheaten_terrier,train,val,0,0,True,True,True,True,train-val
n02099429-curly-coated_retriever/n02099429_2263.jpg,n02099429-curly-coated_retriever/n02099429_3513.jpg,n02099429-curly-coated_retriever,n02099429-curly-coated_retriever,train,train,0,0,True,True,True,False,train-train
n02100735-English_setter/n02100735_2684.jpg,n02100735-English_setter/n02100735_5988.jpg,n02100735-English_setter,n02100735-English_setter,train,train,0,0,True,False,True,False,train-train
n02101556-clumber/n02101556_4965.jpg,n02101556-clumber/n02101556_4994.jpg,n02101556-clumber,n02101556-clumber,train,test,0,4,True,False,True,True,train-test
n02101556-clumber/n02101556_5512.jpg,n02101556-clumber/n02101556_5903.jpg,n02101556-clumber,n02101556-clumber,train,train,0,0,True,True,True,False,train-train
n02102177-Welsh_springer_spaniel/n02102177_1999.jpg,n02102177-Welsh_springer_spaniel/n02102177_2388.jpg,n02102177-Welsh_springer_spaniel,n02102177-Welsh_springer_spaniel,train,val,0,0,True,True,True,True,train-val
n02102480-Sussex_spaniel/n02102480_101.jpg,n02102480-Sussex_spaniel/n02102480_6229.jpg,n02102480-Sussex_spaniel,n02102480-Sussex_spaniel,test,train,0,0,True,False,True,True,train-test
n02102480-Sussex_spaniel/n02102480_2041.jpg,n02102480-Sussex_spaniel/n02102480_3436.jpg,n02102480-Sussex_spaniel,n02102480-Sussex_spaniel,train,train,0,0,True,True,True,False,train-train
n02102480-Sussex_spaniel/n02102480_5158.jpg,n02102480-Sussex_spaniel/n02102480_6027.jpg,n02102480-Sussex_spaniel,n02102480-Sussex_spaniel,val,train,0,4,True,False,True,True,train-val
n02102973-Irish_water_spaniel/n02102973_1615.jpg,n02102973-Irish_water_spaniel/n02102973_1714.jpg,n02102973-Irish_water_spaniel,n02102973-Irish_water_spaniel,train,train,0,0,True,True,True,False,train-train
n02102973-Irish_water_spaniel/n02102973_1723.jpg,n02102973-Irish_water_spaniel/n02102973_3564.jpg,n02102973-Irish_water_spaniel,n02102973-Irish_water_spaniel,train,train,0,2,True,False,True,False,train-train
n02102973-Irish_water_spaniel/n02102973_2442.jpg,n02102973-Irish_water_spaniel/n02102973_541.jpg,n02102973-Irish_water_spaniel,n02102973-Irish_water_spaniel,val,train,0,0,True,False,True,True,train-val
n02102973-Irish_water_spaniel/n02102973_2645.jpg,n02102973-Irish_water_spaniel/n02102973_4469.jpg,n02102973-Irish_water_spaniel,n02102973-Irish_water_spaniel,val,train,0,0,True,True,True,True,train-val
n02104365-schipperke/n02104365_4190.jpg,n02104365-schipperke/n02104365_5670.jpg,n02104365-schipperke,n02104365-schipperke,train,train,0,0,True,True,True,False,train-train
n02104365-schipperke/n02104365_5740.jpg,n02104365-schipperke/n02104365_7953.jpg,n02104365-schipperke,n02104365-schipperke,train,train,0,0,True,True,True,False,train-train
n02104365-schipperke/n02104365_9552.jpg,n02105056-groenendael/n02105056_2194.jpg,n02104365-schipperke,n02105056-groenendael,test,train,0,0,True,True,False,True,train-test
n02105056-groenendael/n02105056_3499.jpg,n02105056-groenendael/n02105056_961.jpg,n02105056-groenendael,n02105056-groenendael,train,test,0,0,True,False,True,True,train-test
n02105056-groenendael/n02105056_5700.jpg,n02105056-groenendael/n02105056_785.jpg,n02105056-groenendael,n02105056-groenendael,train,train,0,0,True,True,True,False,train-train
n02105162-malinois/n02105162_2079.jpg,n02105162-malinois/n02105162_6449.jpg,n02105162-malinois,n02105162-malinois,val,train,0,0,True,True,True,True,train-val
n02106030-collie/n02106030_10021.jpg,n02106166-Border_collie/n02106166_4107.jpg,n02106030-collie,n02106166-Border_collie,train,train,0,0,True,True,False,False,train-train
n02106030-collie/n02106030_14811.jpg,n02106166-Border_collie/n02106166_6084.jpg,n02106030-collie,n02106166-Border_collie,train,train,0,0,True,True,False,False,train-train
n02106030-collie/n02106030_15829.jpg,n02106166-Border_collie/n02106166_6512.jpg,n02106030-collie,n02106166-Border_collie,train,train,0,0,True,True,False,False,train-train
n02106030-collie/n02106030_16338.jpg,n02106166-Border_collie/n02106166_6710.jpg,n02106030-collie,n02106166-Border_collie,val,train,0,0,True,True,False,True,train-val
n02106030-collie/n02106030_2522.jpg,n02106166-Border_collie/n02106166_1031.jpg,n02106030-collie,n02106166-Border_collie,test,train,0,0,True,True,False,True,train-test
n02106030-collie/n02106030_873.jpg,n02106166-Border_collie/n02106166_346.jpg,n02106030-collie,n02106166-Border_collie,train,val,0,0,True,True,False,True,train-val
n02106382-Bouvier_des_Flandres/n02106382_29.jpg,n02106382-Bouvier_des_Flandres/n02106382_4291.jpg,n02106382-Bouvier_des_Flandres,n02106382-Bouvier_des_Flandres,train,train,0,0,True,False,True,False,train-train
n02107574-Greater_Swiss_Mountain_dog/n02107574_1180.jpg,n02107574-Greater_Swiss_Mountain_dog/n02107574_1706.jpg,n02107574-Greater_Swiss_Mountain_dog,n02107574-Greater_Swiss_Mountain_dog,train,train,0,0,True,False,True,False,train-train
n02107574-Greater_Swiss_Mountain_dog/n02107574_2100.jpg,n02107574-Greater_Swiss_Mountain_dog/n02107574_870.jpg,n02107574-Greater_Swiss_Mountain_dog,n02107574-Greater_Swiss_Mountain_dog,train,train,0,0,True,False,True,False,train-train
n02107574-Greater_Swiss_Mountain_dog/n02107574_2325.jpg,n02107574-Greater_Swiss_Mountain_dog/n02107574_988.jpg,n02107574-Greater_Swiss_Mountain_dog,n02107574-Greater_Swiss_Mountain_dog,val,train,0,0,True,False,True,True,train-val
n02107683-Bernese_mountain_dog/n02107683_5397.jpg,n02107908-Appenzeller/n02107908_3531.jpg,n02107683-Bernese_mountain_dog,n02107908-Appenzeller,train,train,0,0,True,True,False,False,train-train
n02107683-Bernese_mountain_dog/n02107683_71.jpg,n02107908-Appenzeller/n02107908_47.jpg,n02107683-Bernese_mountain_dog,n02107908-Appenzeller,test,train,0,0,True,True,False,True,train-test
n02108000-EntleBucher/n02108000_2891.jpg,n02108000-EntleBucher/n02108000_331.jpg,n02108000-EntleBucher,n02108000-EntleBucher,val,train,0,0,True,True,True,True,train-val
n02108551-Tibetan_mastiff/n02108551_4421.jpg,n02108551-Tibetan_mastiff/n02108551_728.jpg,n02108551-Tibetan_mastiff,n02108551-Tibetan_mastiff,test,train,0,0,True,False,True,True,train-test
n02109525-Saint_Bernard/n02109525_1314.jpg,n02109525-Saint_Bernard/n02109525_7982.jpg,n02109525-Saint_Bernard,n02109525-Saint_Bernard,train,train,0,0,True,True,True,False,train-train
n02109961-Eskimo_dog/n02109961_2317.jpg,n02110185-Siberian_husky/n02110185_1614.jpg,n02109961-Eskimo_dog,n02110185-Siberian_husky,test,train,0,0,True,True,False,True,train-test
n02109961-Eskimo_dog/n02109961_5924.jpg,n02110185-Siberian_husky/n02110185_4115.jpg,n02109961-Eskimo_dog,n02110185-Siberian_husky,test,train,0,0,True,True,False,True,train-test
n02110627-affenpinscher/n02110627_12272.jpg,n02110627-affenpinscher/n02110627_8621.jpg,n02110627-affenpinscher,n02110627-affenpinscher,train,train,0,2,True,False,True,False,train-train
n02112706-Brabancon_griffon/n02112706_1202.jpg,n02112706-Brabancon_griffon/n02112706_2161.jpg,n02112706-Brabancon_griffon,n02112706-Brabancon_griffon,train,test,0,0,True,True,True,True,train-test
n02112706-Brabancon_griffon/n02112706_1379.jpg,n02112706-Brabancon_griffon/n02112706_2191.jpg,n02112706-Brabancon_griffon,n02112706-Brabancon_griffon,val,val,0,0,True,True,True,False,val-val
n02112706-Brabancon_griffon/n02112706_1568.jpg,n02112706-Brabancon_griffon/n02112706_539.jpg,n02112706-Brabancon_griffon,n02112706-Brabancon_griffon,train,train,0,0,True,True,True,False,train-train
n02112706-Brabancon_griffon/n02112706_1833.jpg,n02112706-Brabancon_griffon/n02112706_2074.jpg,n02112706-Brabancon_griffon,n02112706-Brabancon_griffon,train,train,0,0,True,True,True,False,train-train
n02112706-Brabancon_griffon/n02112706_1882.jpg,n02112706-Brabancon_griffon/n02112706_2070.jpg,n02112706-Brabancon_griffon,n02112706-Brabancon_griffon,train,train,0,0,True,True,True,False,train-train
n02112706-Brabancon_griffon/n02112706_2550.jpg,n02112706-Brabancon_griffon/n02112706_420.jpg,n02112706-Brabancon_griffon,n02112706-Brabancon_griffon,train,train,0,0,True,True,True,False,train-train
n02112706-Brabancon_griffon/n02112706_62.jpg,n02112706-Brabancon_griffon/n02112706_866.jpg,n02112706-Brabancon_griffon,n02112706-Brabancon_griffon,train,test,0,0,True,True,True,True,train-test
n02113186-Cardigan/n02113186_1030.jpg,n02113186-Cardigan/n02113186_11400.jpg,n02113186-Cardigan,n02113186-Cardigan,train,test,0,0,True,True,True,True,train-test
n02113624-toy_poodle/n02113624_1804.jpg,n02113712-miniature_poodle/n02113712_1252.jpg,n02113624-toy_poodle,n02113712-miniature_poodle,train,train,0,0,True,True,False,False,train-train
n02113624-toy_poodle/n02113624_2244.jpg,n02113712-miniature_poodle/n02113712_1546.jpg,n02113624-toy_poodle,n02113712-miniature_poodle,test,train,0,0,True,True,False,True,train-test
n02113624-toy_poodle/n02113624_2258.jpg,n02113712-miniature_poodle/n02113712_1558.jpg,n02113624-toy_poodle,n02113712-miniature_poodle,val,train,0,0,True,True,False,True,train-val
n02113712-miniature_poodle/n02113712_230.jpg,n02113799-standard_poodle/n02113799_254.jpg,n02113712-miniature_poodle,n02113799-standard_poodle,val,val,0,0,True,True,False,False,val-val
n02113978-Mexican_hairless/n02113978_1069.jpg,n02113978-Mexican_hairless/n02113978_3474.jpg,n02113978-Mexican_hairless,n02113978-Mexican_hairless,train,train,0,0,True,True,True,False,train-train
n02113978-Mexican_hairless/n02113978_1323.jpg,n02113978-Mexican_hairless/n02113978_737.jpg,n02113978-Mexican_hairless,n02113978-Mexican_hairless,test,train,0,0,True,True,True,True,train-test
n02113978-Mexican_hairless/n02113978_1632.jpg,n02113978-Mexican_hairless/n02113978_2572.jpg,n02113978-Mexican_hairless,n02113978-Mexican_hairless,train,val,0,0,True,True,True,True,train-val
n02113978-Mexican_hairless/n02113978_2141.jpg,n02113978-Mexican_hairless/n02113978_3832.jpg,n02113978-Mexican_hairless,n02113978-Mexican_hairless,val,train,0,0,True,True,True,True,train-val
n02113978-Mexican_hairless/n02113978_3178.jpg,n02113978-Mexican_hairless/n02113978_530.jpg,n02113978-Mexican_hairless,n02113978-Mexican_hairless,train,train,0,0,True,True,True,False,train-train
n02115641-dingo/n02115641_2440.jpg,n02115913-dhole/n02115913_739.jpg,n02115641-dingo,n02115913-dhole,test,test,0,0,True,True,False,False,test-test
n02115913-dhole/n02115913_1142.jpg,n02115913-dhole/n02115913_2029.jpg,n02115913-dhole,n02115913-dhole,test,train,0,0,True,True,True,True,train-test
n02115913-dhole/n02115913_1552.jpg,n02115913-dhole/n02115913_3270.jpg,n02115913-dhole,n02115913-dhole,train,train,0,0,True,True,True,False,train-train
n02115913-dhole/n02115913_262.jpg,n02115913-dhole/n02115913_4032.jpg,n02115913-dhole,n02115913-dhole,train,train,0,0,True,True,True,False,train-train
n02115913-dhole/n02115913_4117.jpg,n02115913-dhole/n02115913_564.jpg,n02115913-dhole,n02115913-dhole,train,train,0,0,True,True,True,False,train-train
n02115913-dhole/n02115913_4119.jpg,n02115913-dhole/n02115913_750.jpg,n02115913-dhole,n02115913-dhole,train,train,0,0,True,True,True,False,train-train
n02088466-bloodhound/n02088466_9023.jpg,n02088466-bloodhound/n02088466_9356.jpg,n02088466-bloodhound,n02088466-bloodhound,train,val,1,0,True,False,True,True,train-val
n02089078-black-and-tan_coonhound/n02089078_19.jpg,n02089078-black-and-tan_coonhound/n02089078_2417.jpg,n02089078-black-and-tan_coonhound,n02089078-black-and-tan_coonhound,val,val,1,4,True,False,True,False,val-val
n02089078-black-and-tan_coonhound/n02089078_2417.jpg,n02089078-black-and-tan_coonhound/n02089078_3078.jpg,n02089078-black-and-tan_coonhound,n02089078-black-and-tan_coonhound,val,train,1,2,True,False,True,True,train-val
n02089867-Walker_hound/n02089867_2653.jpg,n02089973-English_foxhound/n02089973_2905.jpg,n02089867-Walker_hound,n02089973-English_foxhound,train,train,1,0,True,False,False,False,train-train
n02091635-otterhound/n02091635_4698.jpg,n02091635-otterhound/n02091635_873.jpg,n02091635-otterhound,n02091635-otterhound,train,test,1,2,True,False,True,True,train-test
n02095314-wire-haired_fox_terrier/n02095314_1820.jpg,n02095314-wire-haired_fox_terrier/n02095314_1894.jpg,n02095314-wire-haired_fox_terrier,n02095314-wire-haired_fox_terrier,val,val,1,4,True,False,True,False,val-val
n02095314-wire-haired_fox_terrier/n02095314_3166.jpg,n02095889-Sealyham_terrier/n02095889_1820.jpg,n02095314-wire-haired_fox_terrier,n02095889-Sealyham_terrier,train,train,1,0,True,False,False,False,train-train
n02097047-miniature_schnauzer/n02097047_2426.jpg,n02097209-standard_schnauzer/n02097209_1170.jpg,n02097047-miniature_schnauzer,n02097209-standard_schnauzer,train,test,1,0,True,False,False,True,train-test
n02102480-Sussex_spaniel/n02102480_5734.jpg,n02102480-Sussex_spaniel/n02102480_8240.jpg,n02102480-Sussex_spaniel,n02102480-Sussex_spaniel,test,val,1,10,True,False,True,True,val-test
n02107574-Greater_Swiss_Mountain_dog/n02107574_261.jpg,n02107574-Greater_Swiss_Mountain_dog/n02107574_910.jpg,n02107574-Greater_Swiss_Mountain_dog,n02107574-Greater_Swiss_Mountain_dog,train,val,1,2,True,False,True,True,train-val
n02107683-Bernese_mountain_dog/n02107683_2881.jpg,n02107683-Bernese_mountain_dog/n02107683_570.jpg,n02107683-Bernese_mountain_dog,n02107683-Bernese_mountain_dog,test,test,1,6,True,False,True,False,test-test
n02113978-Mexican_hairless/n02113978_131.jpg,n02113978-Mexican_hairless/n02113978_3419.jpg,n02113978-Mexican_hairless,n02113978-Mexican_hairless,train,train,1,2,True,False,True,False,train-train
n02113978-Mexican_hairless/n02113978_1956.jpg,n02113978-Mexican_hairless/n02113978_3134.jpg,n02113978-Mexican_hairless,n02113978-Mexican_hairless,train,train,1,2,True,False,True,False,train-train
n02113978-Mexican_hairless/n02113978_2167.jpg,n02113978-Mexican_hairless/n02113978_3134.jpg,n02113978-Mexican_hairless,n02113978-Mexican_hairless,train,train,1,2,True,False,True,False,train-train
n02089867-Walker_hound/n02089867_2382.jpg,n02089867-Walker_hound/n02089867_24.jpg,n02089867-Walker_hound,n02089867-Walker_hound,train,test,2,0,True,False,True,True,train-test
n02089867-Walker_hound/n02089867_3608.jpg,n02089973-English_foxhound/n02089973_1076.jpg,n02089867-Walker_hound,n02089973-English_foxhound,test,test,2,2,True,False,False,False,test-test
n02094114-Norfolk_terrier/n02094114_1020.jpg,n02094114-Norfolk_terrier/n02094114_745.jpg,n02094114-Norfolk_terrier,n02094114-Norfolk_terrier,train,train,2,6,True,False,True,False,train-train
n02094114-Norfolk_terrier/n02094114_745.jpg,n02094258-Norwich_terrier/n02094258_880.jpg,n02094114-Norfolk_terrier,n02094258-Norwich_terrier,train,train,2,6,True,False,False,False,train-train
n02107908-Appenzeller/n02107908_2608.jpg,n02107908-Appenzeller/n02107908_599.jpg,n02107908-Appenzeller,n02107908-Appenzeller,train,train,2,8,True,False,True,False,train-train
n02111129-Leonberg/n02111129_1115.jpg,n02111129-Leonberg/n02111129_4423.jpg,n02111129-Leonberg,n02111129-Leonberg,val,train,2,6,True,False,True,True,train-val
n02113978-Mexican_hairless/n02113978_1956.jpg,n02113978-Mexican_hairless/n02113978_2167.jpg,n02113978-Mexican_hairless,n02113978-Mexican_hairless,train,train,2,0,True,False,True,False,train-train
n02113978-Mexican_hairless/n02113978_3921.jpg,n02113978-Mexican_hairless/n02113978_937.jpg,n02113978-Mexican_hairless,n02113978-Mexican_hairless,train,train,2,8,True,False,True,False,train-train
n02086079-Pekinese/n02086079_937.jpg,n02112018-Pomeranian/n02112018_2896.jpg,n02086079-Pekinese,n02112018-Pomeranian,train,train,3,32,False,False,False,False,train-train
n02095570-Lakeland_terrier/n02095570_1482.jpg,n02095570-Lakeland_terrier/n02095570_845.jpg,n02095570-Lakeland_terrier,n02095570-Lakeland_terrier,train,val,3,4,True,False,True,True,train-val
n02097209-standard_schnauzer/n02097209_2992.jpg,n02097209-standard_schnauzer/n02097209_3831.jpg,n02097209-standard_schnauzer,n02097209-standard_schnauzer,test,train,3,6,True,False,True,True,train-test
n02104029-kuvasz/n02104029_2417.jpg,n02104029-kuvasz/n02104029_690.jpg,n02104029-kuvasz,n02104029-kuvasz,train,train,3,6,True,False,True,False,train-train
n02104029-kuvasz/n02104029_3526.jpg,n02104029-kuvasz/n02104029_4392.jpg,n02104029-kuvasz,n02104029-kuvasz,train,train,3,2,True,False,True,False,train-train
n02106382-Bouvier_des_Flandres/n02106382_1454.jpg,n02106382-Bouvier_des_Flandres/n02106382_2021.jpg,n02106382-Bouvier_des_Flandres,n02106382-Bouvier_des_Flandres,train,train,3,6,True,False,True,False,train-train
n02111129-Leonberg/n02111129_1178.jpg,n02111129-Leonberg/n02111129_593.jpg,n02111129-Leonberg,n02111129-Leonberg,val,val,3,4,True,False,True,False,val-val
n02111129-Leonberg/n02111129_1832.jpg,n02111129-Leonberg/n02111129_253.jpg,n02111129-Leonberg,n02111129-Leonberg,train,train,3,4,True,False,True,False,train-train
n02111129-Leonberg/n02111129_3388.jpg,n02111129-Leonberg/n02111129_4792.jpg,n02111129-Leonberg,n02111129-Leonberg,val,train,3,0,True,False,True,True,train-val
n02111129-Leonberg/n02111129_4017.jpg,n02111129-Leonberg/n02111129_571.jpg,n02111129-Leonberg,n02111129-Leonberg,train,train,3,4,True,False,True,False,train-train
n02085936-Maltese_dog/n02085936_10625.jpg,n02095570-Lakeland_terrier/n02095570_5955.jpg,n02085936-Maltese_dog,n02095570-Lakeland_terrier,train,train,4,16,False,False,False,False,train-train
n02086079-Pekinese/n02086079_937.jpg,n02109047-Great_Dane/n02109047_12467.jpg,n02086079-Pekinese,n02109047-Great_Dane,train,val,4,26,False,False,False,True,train-val
n02087046-toy_terrier/n02087046_2419.jpg,n02087046-toy_terrier/n02087046_6003.jpg,n02087046-toy_terrier,n02087046-toy_terrier,val,train,4,8,True,False,True,True,train-val
n02088094-Afghan_hound/n02088094_1270.jpg,n02088094-Afghan_hound/n02088094_3989.jpg,n02088094-Afghan_hound,n02088094-Afghan_hound,train,val,4,6,True,False,True,True,train-val
n02089973-English_foxhound/n02089973_2045.jpg,n02089973-English_foxhound/n02089973_2608.jpg,n02089973-English_foxhound,n02089973-English_foxhound,train,train,4,2,True,False,True,False,train-train
n02094114-Norfolk_terrier/n02094114_1676.jpg,n02094114-Norfolk_terrier/n02094114_3172.jpg,n02094114-Norfolk_terrier,n02094114-Norfolk_terrier,train,train,4,8,True,False,True,False,train-train
n02095570-Lakeland_terrier/n02095570_2418.jpg,n02095570-Lakeland_terrier/n02095570_3711.jpg,n02095570-Lakeland_terrier,n02095570-Lakeland_terrier,test,test,4,8,True,False,True,False,test-test
n02097474-Tibetan_terrier/n02097474_494.jpg,n02097474-Tibetan_terrier/n02097474_6306.jpg,n02097474-Tibetan_terrier,n02097474-Tibetan_terrier,test,train,4,10,True,False,True,True,train-test
n02102480-Sussex_spaniel/n02102480_4373.jpg,n02102480-Sussex_spaniel/n02102480_5651.jpg,n02102480-Sussex_spaniel,n02102480-Sussex_spaniel,train,test,4,4,True,False,True,True,train-test
n02102480-Sussex_spaniel/n02102480_5031.jpg,n02102480-Sussex_spaniel/n02102480_5734.jpg,n02102480-Sussex_spaniel,n02102480-Sussex_spaniel,train,test,4,2,True,False,True,True,train-test
n02104029-kuvasz/n02104029_2769.jpg,n02115913-dhole/n02115913_1060.jpg,n02104029-kuvasz,n02115913-dhole,train,val,4,24,False,False,False,True,train-val
n02105251-briard/n02105251_224.jpg,n02105251-briard/n02105251_8560.jpg,n02105251-briard,n02105251-briard,train,train,4,10,True,False,True,False,train-train
n02105251-briard/n02105251_4893.jpg,n02105251-briard/n02105251_7600.jpg,n02105251-briard,n02105251-briard,train,train,4,10,True,False,True,False,train-train
n02108000-EntleBucher/n02108000_3113.jpg,n02108000-EntleBucher/n02108000_3497.jpg,n02108000-EntleBucher,n02108000-EntleBucher,train,test,4,0,True,False,True,True,train-test
n02110627-affenpinscher/n02110627_11783.jpg,n02110627-affenpinscher/n02110627_12025.jpg,n02110627-affenpinscher,n02110627-affenpinscher,val,train,4,10,True,False,True,True,train-val
n02110627-affenpinscher/n02110627_12431.jpg,n02110627-affenpinscher/n02110627_4433.jpg,n02110627-affenpinscher,n02110627-affenpinscher,val,test,4,4,True,False,True,True,val-test
n02111129-Leonberg/n02111129_1940.jpg,n02111129-Leonberg/n02111129_3884.jpg,n02111129-Leonberg,n02111129-Leonberg,train,train,4,2,True,False,True,False,train-train
n02111129-Leonberg/n02111129_2330.jpg,n02111129-Leonberg/n02111129_4903.jpg,n02111129-Leonberg,n02111129-Leonberg,train,train,4,6,True,False,True,False,train-train
n02111129-Leonberg/n02111129_571.jpg,n02111129-Leonberg/n02111129_976.jpg,n02111129-Leonberg,n02111129-Leonberg,train,val,4,4,True,False,True,True,train-val
n02115641-dingo/n02115641_13565.jpg,n02115641-dingo/n02115641_6577.jpg,n02115641-dingo,n02115641-dingo,val,train,4,10,True,False,True,True,train-val
n02085936-Maltese_dog/n02085936_10148.jpg,n02097130-giant_schnauzer/n02097130_2135.jpg,n02085936-Maltese_dog,n02097130-giant_schnauzer,test,train,5,28,False,False,False,True,train-test
n02085936-Maltese_dog/n02085936_10625.jpg,n02085936-Maltese_dog/n02085936_3326.jpg,n02085936-Maltese_dog,n02085936-Maltese_dog,train,train,5,28,False,False,True,False,train-train
n02086079-Pekinese/n02086079_1451.jpg,n02098413-Lhasa/n02098413_17759.jpg,n02086079-Pekinese,n02098413-Lhasa,train,train,5,22,False,False,False,False,train-train
n02086079-Pekinese/n02086079_1451.jpg,n02112018-Pomeranian/n02112018_6121.jpg,n02086079-Pekinese,n02112018-Pomeranian,train,train,5,24,False,False,False,False,train-train
n02086079-Pekinese/n02086079_937.jpg,n02111500-Great_Pyrenees/n02111500_6401.jpg,n02086079-Pekinese,n02111500-Great_Pyrenees,train,train,5,26,False,False,False,False,train-train
n02091134-whippet/n02091134_16337.jpg,n02105251-briard/n02105251_4659.jpg,n02091134-whippet,n02105251-briard,train,train,5,6,True,False,False,False,train-train
n02093859-Kerry_blue_terrier/n02093859_2579.jpg,n02093859-Kerry_blue_terrier/n02093859_998.jpg,n02093859-Kerry_blue_terrier,n02093859-Kerry_blue_terrier,train,train,5,4,True,False,True,False,train-train
n02093859-Kerry_blue_terrier/n02093859_773.jpg,n02106382-Bouvier_des_Flandres/n02106382_1123.jpg,n02093859-Kerry_blue_terrier,n02106382-Bouvier_des_Flandres,train,train,5,22,False,False,False,False,train-train
n02094114-Norfolk_terrier/n02094114_1676.jpg,n02094114-Norfolk_terrier/n02094114_754.jpg,n02094114-Norfolk_terrier,n02094114-Norfolk_terrier,train,train,5,4,True,False,True,False,train-train
n02095889-Sealyham_terrier/n02095889_1003.jpg,n02095889-Sealyham_terrier/n02095889_41.jpg,n02095889-Sealyham_terrier,n02095889-Sealyham_terrier,train,train,5,16,False,False,True,False,train-train
n02095889-Sealyham_terrier/n02095889_2162.jpg,n02095889-Sealyham_terrier/n02095889_4649.jpg,n02095889-Sealyham_terrier,n02095889-Sealyham_terrier,val,train,5,4,True,False,True,True,train-val
n02097474-Tibetan_terrier/n02097474_2113.jpg,n02097474-Tibetan_terrier/n02097474_4287.jpg,n02097474-Tibetan_terrier,n02097474-Tibetan_terrier,train,train,5,6,True,False,True,False,train-train
n02099712-Labrador_retriever/n02099712_5689.jpg,n02099712-Labrador_retriever/n02099712_6619.jpg,n02099712-Labrador_retriever,n02099712-Labrador_retriever,train,val,5,6,True,False,True,True,train-val
n02102318-cocker_spaniel/n02102318_10218.jpg,n02107312-miniature_pinscher/n02107312_254.jpg,n02102318-cocker_spaniel,n02107312-miniature_pinscher,val,train,5,24,False,False,False,True,train-val
n02102318-cocker_spaniel/n02102318_10218.jpg,n02110958-pug/n02110958_12224.jpg,n02102318-cocker_spaniel,n02110958-pug,val,train,5,20,False,False,False,True,train-val
n02102480-Sussex_spaniel/n02102480_4322.jpg,n02102480-Sussex_spaniel/n02102480_6593.jpg,n02102480-Sussex_spaniel,n02102480-Sussex_spaniel,train,train,5,4,True,False,True,False,train-train
n02102480-Sussex_spaniel/n02102480_5031.jpg,n02102480-Sussex_spaniel/n02102480_8240.jpg,n02102480-Sussex_spaniel,n02102480-Sussex_spaniel,train,val,5,8,True,False,True,True,train-val
n02105251-briard/n02105251_4659.jpg,n02105251-briard/n02105251_7647.jpg,n02105251-briard,n02105251-briard,train,train,5,6,True,False,True,False,train-train
n02106550-Rottweiler/n02106550_11693.jpg,n02106550-Rottweiler/n02106550_6074.jpg,n02106550-Rottweiler,n02106550-Rottweiler,train,test,5,6,True,False,True,True,train-test
n02108422-bull_mastiff/n02108422_1166.jpg,n02108422-bull_mastiff/n02108422_647.jpg,n02108422-bull_mastiff,n02108422-bull_mastiff,val,val,5,2,True,False,True,False,val-val
n02085936-Maltese_dog/n02085936_10625.jpg,n02086079-Pekinese/n02086079_937.jpg,n02085936-Maltese_dog,n02086079-Pekinese,train,train,6,24,False,False,False,False,train-train
n02085936-Maltese_dog/n02085936_10625.jpg,n02109047-Great_Dane/n02109047_12467.jpg,n02085936-Maltese_dog,n02109047-Great_Dane,train,val,6,28,False,False,False,True,train-val
n02085936-Maltese_dog/n02085936_10625.jpg,n02111500-Great_Pyrenees/n02111500_9116.jpg,n02085936-Maltese_dog,n02111500-Great_Pyrenees,train,train,6,32,False,False,False,False,train-train
n02085936-Maltese_dog/n02085936_2832.jpg,n02086079-Pekinese/n02086079_1451.jpg,n02085936-Maltese_dog,n02086079-Pekinese,val,train,6,34,False,False,False,True,train-val
n02085936-Maltese_dog/n02085936_3326.jpg,n02085936-Maltese_dog/n02085936_8224.jpg,n02085936-Maltese_dog,n02085936-Maltese_dog,train,train,6,26,False,False,True,False,train-train
n02085936-Maltese_dog/n02085936_3326.jpg,n02088364-beagle/n02088364_2000.jpg,n02085936-Maltese_dog,n02088364-beagle,train,train,6,28,False,False,False,False,train-train
n02085936-Maltese_dog/n02085936_3326.jpg,n02093428-American_Staffordshire_terrier/n02093428_17557.jpg,n02085936-Maltese_dog,n02093428-American_Staffordshire_terrier,train,val,6,38,False,False,False,True,train-val
n02085936-Maltese_dog/n02085936_3326.jpg,n02110806-basenji/n02110806_1674.jpg,n02085936-Maltese_dog,n02110806-basenji,train,train,6,26,False,False,False,False,train-train
n02085936-Maltese_dog/n02085936_3580.jpg,n02098286-West_Highland_white_terrier/n02098286_617.jpg,n02085936-Maltese_dog,n02098286-West_Highland_white_terrier,train,train,6,22,False,False,False,False,train-train
n02085936-Maltese_dog/n02085936_8224.jpg,n02112018-Pomeranian/n02112018_2896.jpg,n02085936-Maltese_dog,n02112018-Pomeranian,train,train,6,24,False,False,False,False,train-train
n02086079-Pekinese/n02086079_1451.jpg,n02111500-Great_Pyrenees/n02111500_9116.jpg,n02086079-Pekinese,n02111500-Great_Pyrenees,train,train,6,24,False,False,False,False,train-train
n02086079-Pekinese/n02086079_1451.jpg,n02115913-dhole/n02115913_1060.jpg,n02086079-Pekinese,n02115913-dhole,train,val,6,30,False,False,False,True,train-val
n02086079-Pekinese/n02086079_17291.jpg,n02086079-Pekinese/n02086079_3774.jpg,n02086079-Pekinese,n02086079-Pekinese,train,val,6,12,False,False,True,True,train-val
n02086079-Pekinese/n02086079_937.jpg,n02102177-Welsh_springer_spaniel/n02102177_3032.jpg,n02086079-Pekinese,n02102177-Welsh_springer_spaniel,train,test,6,34,False,False,False,True,train-test
n02086079-Pekinese/n02086079_937.jpg,n02111500-Great_Pyrenees/n02111500_9116.jpg,n02086079-Pekinese,n02111500-Great_Pyrenees,train,train,6,28,False,False,False,False,train-train
n02086079-Pekinese/n02086079_937.jpg,n02115913-dhole/n02115913_1060.jpg,n02086079-Pekinese,n02115913-dhole,train,val,6,30,False,False,False,True,train-val
n02089078-black-and-tan_coonhound/n02089078_353.jpg,n02094114-Norfolk_terrier/n02094114_3130.jpg,n02089078-black-and-tan_coonhound,n02094114-Norfolk_terrier,train,train,6,20,False,False,False,False,train-train
n02089973-English_foxhound/n02089973_3647.jpg,n02089973-English_foxhound/n02089973_3860.jpg,n02089973-English_foxhound,n02089973-English_foxhound,train,train,6,2,False,False,True,False,train-train
n02090721-Irish_wolfhound/n02090721_4341.jpg,n02110185-Siberian_husky/n02110185_7413.jpg,n02090721-Irish_wolfhound,n02110185-Siberian_husky,val,train,6,26,False,False,False,True,train-val
n02093256-Staffordshire_bullterrier/n02093256_2557.jpg,n02100877-Irish_setter/n02100877_6747.jpg,n02093256-Staffordshire_bullterrier,n02100877-Irish_setter,train,train,6,30,False,False,False,False,train-train
n02093428-American_Staffordshire_terrier/n02093428_17557.jpg,n02108422-bull_mastiff/n02108422_3086.jpg,n02093428-American_Staffordshire_terrier,n02108422-bull_mastiff,val,train,6,28,False,False,False,True,train-val
n02093428-American_Staffordshire_terrier/n02093428_17557.jpg,n02112018-Pomeranian/n02112018_2896.jpg,n02093428-American_Staffordshire_terrier,n02112018-Pomeranian,val,train,6,22,False,False,False,True,train-val
n02093754-Border_terrier/n02093754_6483.jpg,n02112137-chow/n02112137_8769.jpg,n02093754-Border_terrier,n02112137-chow,val,train,6,20,False,False,False,True,train-val
n02095570-Lakeland_terrier/n02095570_2884.jpg,n02095570-Lakeland_terrier/n02095570_4626.jpg,n02095570-Lakeland_terrier,n02095570-Lakeland_terrier,train,train,6,12,False,False,True,False,train-train
n02095570-Lakeland_terrier/n02095570_539.jpg,n02095570-Lakeland_terrier/n02095570_862.jpg,n02095570-Lakeland_terrier,n02095570-Lakeland_terrier,train,test,6,16,False,False,True,True,train-test
n02096177-cairn/n02096177_4520.jpg,n02099601-golden_retriever/n02099601_7993.jpg,n02096177-cairn,n02099601-golden_retriever,val,train,6,22,False,False,False,True,train-val
n02099267-flat-coated_retriever/n02099267_1095.jpg,n02099267-flat-coated_retriever/n02099267_482.jpg,n02099267-flat-coated_retriever,n02099267-flat-coated_retriever,train,train,6,16,False,False,True,False,train-train
n02102480-Sussex_spaniel/n02102480_4322.jpg,n02102480-Sussex_spaniel/n02102480_7690.jpg,n02102480-Sussex_spaniel,n02102480-Sussex_spaniel,train,val,6,8,False,False,True,True,train-val
n02102480-Sussex_spaniel/n02102480_6651.jpg,n02102480-Sussex_spaniel/n02102480_6780.jpg,n02102480-Sussex_spaniel,n02102480-Sussex_spaniel,val,train,6,10,False,False,True,True,train-val
n02102973-Irish_water_spaniel/n02102973_23.jpg,n02102973-Irish_water_spaniel/n02102973_879.jpg,n02102973-Irish_water_spaniel,n02102973-Irish_water_spaniel,train,train,6,4,False,False,True,False,train-train
n02105056-groenendael/n02105056_1960.jpg,n02115641-dingo/n02115641_592.jpg,n02105056-groenendael,n02115641-dingo,train,train,6,26,False,False,False,False,train-train
n02105505-komondor/n02105505_3933.jpg,n02105505-komondor/n02105505_4325.jpg,n02105505-komondor,n02105505-komondor,train,train,6,12,False,False,True,False,train-train
n02107312-miniature_pinscher/n02107312_254.jpg,n02113186-Cardigan/n02113186_9902.jpg,n02107312-miniature_pinscher,n02113186-Cardigan,train,train,6,28,False,False,False,False,train-train
n02107574-Greater_Swiss_Mountain_dog/n02107574_2665.jpg,n02107574-Greater_Swiss_Mountain_dog/n02107574_322.jpg,n02107574-Greater_Swiss_Mountain_dog,n02107574-Greater_Swiss_Mountain_dog,test,train,6,4,False,False,True,True,train-test
n02111129-Leonberg/n02111129_1546.jpg,n02111129-Leonberg/n02111129_4435.jpg,n02111129-Leonberg,n02111129-Leonberg,test,train,6,0,False,False,True,True,train-test
n02115913-dhole/n02115913_1682.jpg,n02115913-dhole/n02115913_3878.jpg,n02115913-dhole,n02115913-dhole,train,train,6,4,False,False,True,False,train-train
n02085936-Maltese_dog/n02085936_10625.jpg,n02088364-beagle/n02088364_2000.jpg,n02085936-Maltese_dog,n02088364-beagle,train,train,7,28,False,False,False,False,train-train
n02085936-Maltese_dog/n02085936_10625.jpg,n02088632-bluetick/n02088632_1704.jpg,n02085936-Maltese_dog,n02088632-bluetick,train,train,7,28,False,False,False,False,train-train
n02085936-Maltese_dog/n02085936_10625.jpg,n02093428-American_Staffordshire_terrier/n02093428_17557.jpg,n02085936-Maltese_dog,n02093428-American_Staffordshire_terrier,train,val,7,24,False,False,False,True,train-val
n02085936-Maltese_dog/n02085936_10625.jpg,n02112018-Pomeranian/n02112018_2896.jpg,n02085936-Maltese_dog,n02112018-Pomeranian,train,train,7,28,False,False,False,False,train-train
n02085936-Maltese_dog/n02085936_10625.jpg,n02112018-Pomeranian/n02112018_5697.jpg,n02085936-Maltese_dog,n02112018-Pomeranian,train,train,7,28,False,False,False,False,train-train
n02085936-Maltese_dog/n02085936_2832.jpg,n02093647-Bedlington_terrier/n02093647_2427.jpg,n02085936-Maltese_dog,n02093647-Bedlington_terrier,val,train,7,24,False,False,False,True,train-val
n02085936-Maltese_dog/n02085936_2832.jpg,n02096585-Boston_bull/n02096585_1172.jpg,n02085936-Maltese_dog,n02096585-Boston_bull,val,train,7,30,False,False,False,True,train-val
n02085936-Maltese_dog/n02085936_2832.jpg,n02105641-Old_English_sheepdog/n02105641_523.jpg,n02085936-Maltese_dog,n02105641-Old_English_sheepdog,val,test,7,36,False,False,False,True,val-test
n02085936-Maltese_dog/n02085936_3326.jpg,n02086079-Pekinese/n02086079_1451.jpg,n02085936-Maltese_dog,n02086079-Pekinese,train,train,7,32,False,False,False,False,train-train
n02085936-Maltese_dog/n02085936_3326.jpg,n02099712-Labrador_retriever/n02099712_7937.jpg,n02085936-Maltese_dog,n02099712-Labrador_retriever,train,val,7,32,False,False,False,True,train-val
n02085936-Maltese_dog/n02085936_3326.jpg,n02115913-dhole/n02115913_1060.jpg,n02085936-Maltese_dog,n02115913-dhole,train,val,7,20,False,False,False,True,train-val
n02085936-Maltese_dog/n02085936_3580.jpg,n02115913-dhole/n02115913_1060.jpg,n02085936-Maltese_dog,n02115913-dhole,train,val,7,32,False,False,False,True,train-val
n02085936-Maltese_dog/n02085936_5404.jpg,n02086079-Pekinese/n02086079_3996.jpg,n02085936-Maltese_dog,n02086079-Pekinese,test,train,7,24,False,False,False,True,train-test
n02085936-Maltese_dog/n02085936_8224.jpg,n02086079-Pekinese/n02086079_1451.jpg,n02085936-Maltese_dog,n02086079-Pekinese,train,train,7,32,False,False,False,False,train-train
n02086079-Pekinese/n02086079_1451.jpg,n02088364-beagle/n02088364_2000.jpg,n02086079-Pekinese,n02088364-beagle,train,train,7,26,False,False,False,False,train-train
n02086079-Pekinese/n02086079_1451.jpg,n02093428-American_Staffordshire_terrier/n02093428_17557.jpg,n02086079-Pekinese,n02093428-American_Staffordshire_terrier,train,val,7,24,False,False,False,True,train-val
n02086079-Pekinese/n02086079_1451.jpg,n02093647-Bedlington_terrier/n02093647_2427.jpg,n02086079-Pekinese,n02093647-Bedlington_terrier,train,train,7,32,False,False,False,False,train-train
n02086079-Pekinese/n02086079_1451.jpg,n02096585-Boston_bull/n02096585_1172.jpg,n02086079-Pekinese,n02096585-Boston_bull,train,train,7,28,False,False,False,False,train-train
n02086079-Pekinese/n02086079_1451.jpg,n02111500-Great_Pyrenees/n02111500_6401.jpg,n02086079-Pekinese,n02111500-Great_Pyrenees,train,train,7,28,False,False,False,False,train-train
n02086079-Pekinese/n02086079_1451.jpg,n02112018-Pomeranian/n02112018_2896.jpg,n02086079-Pekinese,n02112018-Pomeranian,train,train,7,28,False,False,False,False,train-train
n02086079-Pekinese/n02086079_937.jpg,n02091467-Norwegian_elkhound/n02091467_2122.jpg,n02086079-Pekinese,n02091467-Norwegian_elkhound,train,train,7,26,False,False,False,False,train-train
n02086079-Pekinese/n02086079_937.jpg,n02093428-American_Staffordshire_terrier/n02093428_17557.jpg,n02086079-Pekinese,n02093428-American_Staffordshire_terrier,train,val,7,18,False,False,False,True,train-val
n02086079-Pekinese/n02086079_937.jpg,n02108422-bull_mastiff/n02108422_3086.jpg,n02086079-Pekinese,n02108422-bull_mastiff,train,train,7,22,False,False,False,False,train-train
n02086240-Shih-Tzu/n02086240_12314.jpg,n02097047-miniature_schnauzer/n02097047_162.jpg,n02086240-Shih-Tzu,n02097047-miniature_schnauzer,val,train,7,24,False,False,False,True,train-val
n02086646-Blenheim_spaniel/n02086646_2005.jpg,n02095314-wire-haired_fox_terrier/n02095314_2038.jpg,n02086646-Blenheim_spaniel,n02095314-wire-haired_fox_terrier,train,train,7,26,False,False,False,False,train-train
n02086646-Blenheim_spaniel/n02086646_2005.jpg,n02095570-Lakeland_terrier/n02095570_95.jpg,n02086646-Blenheim_spaniel,n02095570-Lakeland_terrier,train,train,7,26,False,False,False,False,train-train
n02086646-Blenheim_spaniel/n02086646_3680.jpg,n02098413-Lhasa/n02098413_1702.jpg,n02086646-Blenheim_spaniel,n02098413-Lhasa,test,train,7,20,False,False,False,True,train-test
n02087046-toy_terrier/n02087046_1724.jpg,n02096294-Australian_terrier/n02096294_3413.jpg,n02087046-toy_terrier,n02096294-Australian_terrier,train,train,7,22,False,False,False,False,train-train
n02087046-toy_terrier/n02087046_4647.jpg,n02096585-Boston_bull/n02096585_1172.jpg,n02087046-toy_terrier,n02096585-Boston_bull,test,train,7,20,False,False,False,True,train-test
n02088238-basset/n02088238_11200.jpg,n02107142-Doberman/n02107142_14813.jpg,n02088238-basset,n02107142-Doberman,train,train,7,26,False,False,False,False,train-train
n02088364-beagle/n02088364_2000.jpg,n02111500-Great_Pyrenees/n02111500_9116.jpg,n02088364-beagle,n02111500-Great_Pyrenees,train,train,7,20,False,False,False,False,train-train
n02088364-beagle/n02088364_2000.jpg,n02115913-dhole/n02115913_1060.jpg,n02088364-beagle,n02115913-dhole,train,val,7,32,False,False,False,True,train-val
n02091244-Ibizan_hound/n02091244_4221.jpg,n02110806-basenji/n02110806_1485.jpg,n02091244-Ibizan_hound,n02110806-basenji,train,train,7,14,False,False,False,False,train-train
n02091467-Norwegian_elkhound/n02091467_2122.jpg,n02111889-Samoyed/n02111889_4142.jpg,n02091467-Norwegian_elkhound,n02111889-Samoyed,train,train,7,32,False,False,False,False,train-train
n02091831-Saluki/n02091831_10823.jpg,n02096177-cairn/n02096177_4801.jpg,n02091831-Saluki,n02096177-cairn,train,train,7,24,False,False,False,False,train-train
n02091831-Saluki/n02091831_3430.jpg,n02091831-Saluki/n02091831_4966.jpg,n02091831-Saluki,n02091831-Saluki,train,test,7,14,False,False,True,True,train-test
n02092339-Weimaraner/n02092339_439.jpg,n02105056-groenendael/n02105056_6827.jpg,n02092339-Weimaraner,n02105056-groenendael,train,train,7,36,False,False,False,False,train-train
n02092339-Weimaraner/n02092339_439.jpg,n02112137-chow/n02112137_17733.jpg,n02092339-Weimaraner,n02112137-chow,train,val,7,28,False,False,False,True,train-val
n02093256-Staffordshire_bullterrier/n02093256_3325.jpg,n02107312-miniature_pinscher/n02107312_1207.jpg,n02093256-Staffordshire_bullterrier,n02107312-miniature_pinscher,train,train,7,32,False,False,False,False,train-train
n02093428-American_Staffordshire_terrier/n02093428_17557.jpg,n02100735-English_setter/n02100735_10086.jpg,n02093428-American_Staffordshire_terrier,n02100735-English_setter,val,test,7,32,False,False,False,True,val-test
n02093428-American_Staffordshire_terrier/n02093428_17557.jpg,n02107312-miniature_pinscher/n02107312_2300.jpg,n02093428-American_Staffordshire_terrier,n02107312-miniature_pinscher,val,train,7,28,False,False,False,True,train-val
n02093428-American_Staffordshire_terrier/n02093428_17557.jpg,n02111889-Samoyed/n02111889_4142.jpg,n02093428-American_Staffordshire_terrier,n02111889-Samoyed,val,train,7,34,False,False,False,True,train-val
n02093428-American_Staffordshire_terrier/n02093428_17557.jpg,n02112018-Pomeranian/n02112018_3494.jpg,n02093428-American_Staffordshire_terrier,n02112018-Pomeranian,val,val,7,24,False,False,False,False,val-val
n02093428-American_Staffordshire_terrier/n02093428_17557.jpg,n02115913-dhole/n02115913_1060.jpg,n02093428-American_Staffordshire_terrier,n02115913-dhole,val,val,7,36,False,False,False,False,val-val
n02093647-Bedlington_terrier/n02093647_1514.jpg,n02115641-dingo/n02115641_4262.jpg,n02093647-Bedlington_terrier,n02115641-dingo,train,val,7,30,False,False,False,True,train-val
n02093859-Kerry_blue_terrier/n02093859_321.jpg,n02108915-French_bulldog/n02108915_2380.jpg,n02093859-Kerry_blue_terrier,n02108915-French_bulldog,train,test,7,16,False,False,False,True,train-test
n02094114-Norfolk_terrier/n02094114_382.jpg,n02094258-Norwich_terrier/n02094258_2475.jpg,n02094114-Norfolk_terrier,n02094258-Norwich_terrier,val,train,7,8,False,False,False,True,train-val
n02094258-Norwich_terrier/n02094258_2801.jpg,n02107312-miniature_pinscher/n02107312_1207.jpg,n02094258-Norwich_terrier,n02107312-miniature_pinscher,train,train,7,24,False,False,False,False,train-train
n02094433-Yorkshire_terrier/n02094433_1269.jpg,n02106550-Rottweiler/n02106550_5133.jpg,n02094433-Yorkshire_terrier,n02106550-Rottweiler,train,train,7,20,False,False,False,False,train-train
n02095314-wire-haired_fox_terrier/n02095314_1672.jpg,n02095314-wire-haired_fox_terrier/n02095314_3054.jpg,n02095314-wire-haired_fox_terrier,n02095314-wire-haired_fox_terrier,train,train,7,10,False,False,True,False,train-train
n02095570-Lakeland_terrier/n02095570_1149.jpg,n02095570-Lakeland_terrier/n02095570_2748.jpg,n02095570-Lakeland_terrier,n02095570-Lakeland_terrier,test,train,7,12,False,False,True,True,train-test
n02095570-Lakeland_terrier/n02095570_1149.jpg,n02095570-Lakeland_terrier/n02095570_862.jpg,n02095570-Lakeland_terrier,n02095570-Lakeland_terrier,test,test,7,16,False,False,True,False,test-test
n02095570-Lakeland_terrier/n02095570_1969.jpg,n02095570-Lakeland_terrier/n02095570_2840.jpg,n02095570-Lakeland_terrier,n02095570-Lakeland_terrier,train,train,7,12,False,False,True,False,train-train
n02096294-Australian_terrier/n02096294_2920.jpg,n02100583-vizsla/n02100583_3274.jpg,n02096294-Australian_terrier,n02100583-vizsla,train,train,7,20,False,False,False,False,train-train
n02097047-miniature_schnauzer/n02097047_2511.jpg,n02113799-standard_poodle/n02113799_4946.jpg,n02097047-miniature_schnauzer,n02113799-standard_poodle,train,train,7,28,False,False,False,False,train-train
n02097298-Scotch_terrier/n02097298_9721.jpg,n02107312-miniature_pinscher/n02107312_1207.jpg,n02097298-Scotch_terrier,n02107312-miniature_pinscher,test,train,7,24,False,False,False,True,train-test
n02097298-Scotch_terrier/n02097298_9721.jpg,n02107312-miniature_pinscher/n02107312_254.jpg,n02097298-Scotch_terrier,n02107312-miniature_pinscher,test,train,7,24,False,False,False,True,train-test
n02097474-Tibetan_terrier/n02097474_6280.jpg,n02100877-Irish_setter/n02100877_6747.jpg,n02097474-Tibetan_terrier,n02100877-Irish_setter,train,train,7,32,False,False,False,False,train-train
n02099601-golden_retriever/n02099601_1768.jpg,n02111500-Great_Pyrenees/n02111500_241.jpg,n02099601-golden_retriever,n02111500-Great_Pyrenees,train,train,7,32,False,False,False,False,train-train
n02099712-Labrador_retriever/n02099712_511.jpg,n02102973-Irish_water_spaniel/n02102973_487.jpg,n02099712-Labrador_retriever,n02102973-Irish_water_spaniel,train,val,7,28,False,False,False,True,train-val
n02100236-German_short-haired_pointer/n02100236_4851.jpg,n02100236-German_short-haired_pointer/n02100236_689.jpg,n02100236-German_short-haired_pointer,n02100236-German_short-haired_pointer,train,test,7,12,False,False,True,True,train-test
n02100583-vizsla/n02100583_11701.jpg,n02110806-basenji/n02110806_4051.jpg,n02100583-vizsla,n02110806-basenji,train,test,7,18,False,False,False,True,train-test
n02100583-vizsla/n02100583_12240.jpg,n02100583-vizsla/n02100583_12253.jpg,n02100583-vizsla,n02100583-vizsla,test,test,7,8,False,False,True,False,test-test
n02101556-clumber/n02101556_129.jpg,n02105505-komondor/n02105505_1272.jpg,n02101556-clumber,n02105505-komondor,train,train,7,6,False,False,False,False,train-train
n02102177-Welsh_springer_spaniel/n02102177_3032.jpg,n02112018-Pomeranian/n02112018_2896.jpg,n02102177-Welsh_springer_spaniel,n02112018-Pomeranian,test,train,7,30,False,False,False,True,train-test
n02102318-cocker_spaniel/n02102318_10218.jpg,n02107312-miniature_pinscher/n02107312_1207.jpg,n02102318-cocker_spaniel,n02107312-miniature_pinscher,val,train,7,24,False,False,False,True,train-val
n02102480-Sussex_spaniel/n02102480_6593.jpg,n02102480-Sussex_spaniel/n02102480_7690.jpg,n02102480-Sussex_spaniel,n02102480-Sussex_spaniel,train,val,7,8,False,False,True,True,train-val
n02105056-groenendael/n02105056_6827.jpg,n02107312-miniature_pinscher/n02107312_254.jpg,n02105056-groenendael,n02107312-miniature_pinscher,train,train,7,32,False,False,False,False,train-train
n02108000-EntleBucher/n02108000_2742.jpg,n02108000-EntleBucher/n02108000_3424.jpg,n02108000-EntleBucher,n02108000-EntleBucher,train,train,7,4,False,False,True,False,train-train
n02109047-Great_Dane/n02109047_12467.jpg,n02112018-Pomeranian/n02112018_2896.jpg,n02109047-Great_Dane,n02112018-Pomeranian,val,train,7,18,False,False,False,True,train-val
n02111129-Leonberg/n02111129_4017.jpg,n02111129-Leonberg/n02111129_976.jpg,n02111129-Leonberg,n02111129-Leonberg,train,val,7,8,False,False,True,True,train-val
n02111500-Great_Pyrenees/n02111500_6401.jpg,n02115913-dhole/n02115913_1060.jpg,n02111500-Great_Pyrenees,n02115913-dhole,train,val,7,28,False,False,False,True,train-val
n02111500-Great_Pyrenees/n02111500_9116.jpg,n02112018-Pomeranian/n02112018_2896.jpg,n02111500-Great_Pyrenees,n02112018-Pomeranian,train,train,7,32,False,False,False,False,train-train
n02111889-Samoyed/n02111889_4142.jpg,n02112018-Pomeranian/n02112018_2896.jpg,n02111889-Samoyed,n02112018-Pomeranian,train,train,7,34,False,False,False,False,train-train
n02112018-Pomeranian/n02112018_2896.jpg,n02115913-dhole/n02115913_1060.jpg,n02112018-Pomeranian,n02115913-dhole,train,val,7,30,False,False,False,True,train-val
n02112137-chow/n02112137_16270.jpg,n02112137-chow/n02112137_9708.jpg,n02112137-chow,n02112137-chow,train,train,7,16,False,False,True,False,train-train
n02113978-Mexican_hairless/n02113978_131.jpg,n02113978-Mexican_hairless/n02113978_1939.jpg,n02113978-Mexican_hairless,n02113978-Mexican_hairless,train,test,7,10,False,False,True,True,train-test
n02113978-Mexican_hairless/n02113978_1482.jpg,n02113978-Mexican_hairless/n02113978_3178.jpg,n02113978-Mexican_hairless,n02113978-Mexican_hairless,test,train,7,4,False,False,True,True,train-test
n02113978-Mexican_hairless/n02113978_1482.jpg,n02113978-Mexican_hairless/n02113978_530.jpg,n02113978-Mexican_hairless,n02113978-Mexican_hairless,test,train,7,4,False,False,True,True,train-test
n02113978-Mexican_hairless/n02113978_2121.jpg,n02113978-Mexican_hairless/n02113978_2441.jpg,n02113978-Mexican_hairless,n02113978-Mexican_hairless,train,train,7,8,False,False,True,False,train-train
n02113978-Mexican_hairless/n02113978_3375.jpg,n02113978-Mexican_hairless/n02113978_773.jpg,n02113978-Mexican_hairless,n02113978-Mexican_hairless,val,test,7,6,False,False,True,True,val-test
n02085782-Japanese_spaniel/n02085782_1059.jpg,n02085936-Maltese_dog/n02085936_8224.jpg,n02085782-Japanese_spaniel,n02085936-Maltese_dog,train,train,8,36,False,False,False,False,train-train
n02085782-Japanese_spaniel/n02085782_1059.jpg,n02086240-Shih-Tzu/n02086240_12314.jpg,n02085782-Japanese_spaniel,n02086240-Shih-Tzu,train,val,8,22,False,False,False,True,train-val
n02085782-Japanese_spaniel/n02085782_1059.jpg,n02110806-basenji/n02110806_1674.jpg,n02085782-Japanese_spaniel,n02110806-basenji,train,train,8,28,False,False,False,False,train-train
n02085782-Japanese_spaniel/n02085782_126.jpg,n02095314-wire-haired_fox_terrier/n02095314_227.jpg,n02085782-Japanese_spaniel,n02095314-wire-haired_fox_terrier,train,train,8,24,False,False,False,False,train-train
n02085936-Maltese_dog/n02085936_10397.jpg,n02085936-Maltese_dog/n02085936_7394.jpg,n02085936-Maltese_dog,n02085936-Maltese_dog,train,val,8,8,False,False,True,True,train-val
n02085936-Maltese_dog/n02085936_10625.jpg,n02085936-Maltese_dog/n02085936_2832.jpg,n02085936-Maltese_dog,n02085936-Maltese_dog,train,val,8,24,False,False,True,True,train-val
n02085936-Maltese_dog/n02085936_10625.jpg,n02086079-Pekinese/n02086079_1451.jpg,n02085936-Maltese_dog,n02086079-Pekinese,train,train,8,30,False,False,False,False,train-train
n02085936-Maltese_dog/n02085936_10625.jpg,n02093754-Border_terrier/n02093754_5891.jpg,n02085936-Maltese_dog,n02093754-Border_terrier,train,train,8,30,False,False,False,False,train-train
n02085936-Maltese_dog/n02085936_10625.jpg,n02109525-Saint_Bernard/n02109525_2008.jpg,n02085936-Maltese_dog,n02109525-Saint_Bernard,train,train,8,28,False,False,False,False,train-train
n02085936-Maltese_dog/n02085936_10625.jpg,n02115913-dhole/n02115913_1060.jpg,n02085936-Maltese_dog,n02115913-dhole,train,val,8,34,False,False,False,True,train-val
n02085936-Maltese_dog/n02085936_137.jpg,n02105505-komondor/n02105505_3380.jpg,n02085936-Maltese_dog,n02105505-komondor,val,train,8,14,False,False,False,True,train-val
n02085936-Maltese_dog/n02085936_2832.jpg,n02093754-Border_terrier/n02093754_5891.jpg,n02085936-Maltese_dog,n02093754-Border_terrier,val,train,8,26,False,False,False,True,train-val
n02085936-Maltese_dog/n02085936_2832.jpg,n02105641-Old_English_sheepdog/n02105641_8517.jpg,n02085936-Maltese_dog,n02105641-Old_English_sheepdog,val,train,8,32,False,False,False,True,train-val
n02085936-Maltese_dog/n02085936_2832.jpg,n02112018-Pomeranian/n02112018_2691.jpg,n02085936-Maltese_dog,n02112018-Pomeranian,val,val,8,20,False,False,False,False,val-val
n02085936-Maltese_dog/n02085936_3326.jpg,n02105641-Old_English_sheepdog/n02105641_8576.jpg,n02085936-Maltese_dog,n02105641-Old_English_sheepdog,train,test,8,18,False,False,False,True,train-test
n02085936-Maltese_dog/n02085936_3326.jpg,n02111500-Great_Pyrenees/n02111500_5618.jpg,n02085936-Maltese_dog,n02111500-Great_Pyrenees,train,val,8,26,False,False,False,True,train-val
n02085936-Maltese_dog/n02085936_3326.jpg,n02112018-Pomeranian/n02112018_2896.jpg,n02085936-Maltese_dog,n02112018-Pomeranian,train,train,8,38,False,False,False,False,train-train
n02085936-Maltese_dog/n02085936_3326.jpg,n02112018-Pomeranian/n02112018_6121.jpg,n02085936-Maltese_dog,n02112018-Pomeranian,train,train,8,26,False,False,False,False,train-train
n02085936-Maltese_dog/n02085936_3580.jpg,n02099712-Labrador_retriever/n02099712_3776.jpg,n02085936-Maltese_dog,n02099712-Labrador_retriever,train,train,8,26,False,False,False,False,train-train
n02085936-Maltese_dog/n02085936_3580.jpg,n02105641-Old_English_sheepdog/n02105641_6735.jpg,n02085936-Maltese_dog,n02105641-Old_English_sheepdog,train,test,8,26,False,False,False,True,train-test
n02085936-Maltese_dog/n02085936_6278.jpg,n02099712-Labrador_retriever/n02099712_3776.jpg,n02085936-Maltese_dog,n02099712-Labrador_retriever,train,train,8,24,False,False,False,False,train-train
n02085936-Maltese_dog/n02085936_8224.jpg,n02093428-American_Staffordshire_terrier/n02093428_17557.jpg,n02085936-Maltese_dog,n02093428-American_Staffordshire_terrier,train,val,8,26,False,False,False,True,train-val
n02085936-Maltese_dog/n02085936_8224.jpg,n02110806-basenji/n02110806_1674.jpg,n02085936-Maltese_dog,n02110806-basenji,train,train,8,34,False,False,False,False,train-train
n02085936-Maltese_dog/n02085936_8224.jpg,n02112018-Pomeranian/n02112018_6121.jpg,n02085936-Maltese_dog,n02112018-Pomeranian,train,train,8,30,False,False,False,False,train-train
n02085936-Maltese_dog/n02085936_8350.jpg,n02086079-Pekinese/n02086079_1451.jpg,n02085936-Maltese_dog,n02086079-Pekinese,train,train,8,28,False,False,False,False,train-train
n02086079-Pekinese/n02086079_1451.jpg,n02086079-Pekinese/n02086079_937.jpg,n02086079-Pekinese,n02086079-Pekinese,train,train,8,28,False,False,True,False,train-train
n02086079-Pekinese/n02086079_1451.jpg,n02091467-Norwegian_elkhound/n02091467_6240.jpg,n02086079-Pekinese,n02091467-Norwegian_elkhound,train,train,8,22,False,False,False,False,train-train
n02086079-Pekinese/n02086079_1451.jpg,n02091831-Saluki/n02091831_10823.jpg,n02086079-Pekinese,n02091831-Saluki,train,train,8,36,False,False,False,False,train-train
n02086079-Pekinese/n02086079_937.jpg,n02086240-Shih-Tzu/n02086240_1927.jpg,n02086079-Pekinese,n02086240-Shih-Tzu,train,train,8,24,False,False,False,False,train-train
n02086079-Pekinese/n02086079_937.jpg,n02093754-Border_terrier/n02093754_5891.jpg,n02086079-Pekinese,n02093754-Border_terrier,train,train,8,34,False,False,False,False,train-train
n02086079-Pekinese/n02086079_937.jpg,n02105641-Old_English_sheepdog/n02105641_1505.jpg,n02086079-Pekinese,n02105641-Old_English_sheepdog,train,val,8,24,False,False,False,True,train-val
n02086079-Pekinese/n02086079_937.jpg,n02111889-Samoyed/n02111889_4142.jpg,n02086079-Pekinese,n02111889-Samoyed,train,train,8,30,False,False,False,False,train-train
n02086240-Shih-Tzu/n02086240_12314.jpg,n02105641-Old_English_sheepdog/n02105641_8576.jpg,n02086240-Shih-Tzu,n02105641-Old_English_sheepdog,val,test,8,28,False,False,False,True,val-test
n02086240-Shih-Tzu/n02086240_323.jpg,n02088364-beagle/n02088364_11130.jpg,n02086240-Shih-Tzu,n02088364-beagle,test,train,8,28,False,False,False,True,train-test
n02087046-toy_terrier/n02087046_4647.jpg,n02116738-African_hunting_dog/n02116738_5683.jpg,n02087046-toy_terrier,n02116738-African_hunting_dog,test,train,8,20,False,False,False,True,train-test
n02088238-basset/n02088238_10113.jpg,n02112018-Pomeranian/n02112018_7552.jpg,n02088238-basset,n02112018-Pomeranian,train,train,8,26,False,False,False,False,train-train
n02088238-basset/n02088238_9717.jpg,n02107908-Appenzeller/n02107908_2272.jpg,n02088238-basset,n02107908-Appenzeller,train,train,8,26,False,False,False,False,train-train
n02088364-beagle/n02088364_2000.jpg,n02091134-whippet/n02091134_15251.jpg,n02088364-beagle,n02091134-whippet,train,train,8,24,False,False,False,False,train-train
n02088364-beagle/n02088364_2000.jpg,n02110806-basenji/n02110806_1674.jpg,n02088364-beagle,n02110806-basenji,train,train,8,32,False,False,False,False,train-train
n02088364-beagle/n02088364_2661.jpg,n02105641-Old_English_sheepdog/n02105641_8576.jpg,n02088364-beagle,n02105641-Old_English_sheepdog,test,test,8,38,False,False,False,False,test-test
n02088364-beagle/n02088364_2661.jpg,n02112018-Pomeranian/n02112018_2896.jpg,n02088364-beagle,n02112018-Pomeranian,test,train,8,24,False,False,False,True,train-test
n02088632-bluetick/n02088632_2055.jpg,n02110806-basenji/n02110806_4072.jpg,n02088632-bluetick,n02110806-basenji,test,val,8,22,False,False,False,True,val-test
n02089973-English_foxhound/n02089973_1803.jpg,n02091244-Ibizan_hound/n02091244_4281.jpg,n02089973-English_foxhound,n02091244-Ibizan_hound,test,train,8,26,False,False,False,True,train-test
n02089973-English_foxhound/n02089973_382.jpg,n02089973-English_foxhound/n02089973_981.jpg,n02089973-English_foxhound,n02089973-English_foxhound,train,train,8,16,False,False,True,False,train-train
n02089973-English_foxhound/n02089973_504.jpg,n02091635-otterhound/n02091635_3615.jpg,n02089973-English_foxhound,n02091635-otterhound,test,train,8,22,False,False,False,True,train-test
n02090379-redbone/n02090379_2114.jpg,n02096585-Boston_bull/n02096585_1172.jpg,n02090379-redbone,n02096585-Boston_bull,train,train,8,28,False,False,False,False,train-train
n02091467-Norwegian_elkhound/n02091467_2122.jpg,n02112018-Pomeranian/n02112018_2896.jpg,n02091467-Norwegian_elkhound,n02112018-Pomeranian,train,train,8,34,False,False,False,False,train-train
n02091467-Norwegian_elkhound/n02091467_3098.jpg,n02107312-miniature_pinscher/n02107312_1207.jpg,n02091467-Norwegian_elkhound,n02107312-miniature_pinscher,train,train,8,26,False,False,False,False,train-train
n02091467-Norwegian_elkhound/n02091467_6240.jpg,n02111889-Samoyed/n02111889_4142.jpg,n02091467-Norwegian_elkhound,n02111889-Samoyed,train,train,8,28,False,False,False,False,train-train
n02091831-Saluki/n02091831_2586.jpg,n02105641-Old_English_sheepdog/n02105641_8576.jpg,n02091831-Saluki,n02105641-Old_English_sheepdog,train,test,8,32,False,False,False,True,train-test
n02092002-Scottish_deerhound/n02092002_296.jpg,n02099429-curly-coated_retriever/n02099429_448.jpg,n02092002-Scottish_deerhound,n02099429-curly-coated_retriever,train,train,8,12,False,False,False,False,train-train
n02092339-Weimaraner/n02092339_439.jpg,n02107312-miniature_pinscher/n02107312_254.jpg,n02092339-Weimaraner,n02107312-miniature_pinscher,train,train,8,20,False,False,False,False,train-train
n02092339-Weimaraner/n02092339_439.jpg,n02116738-African_hunting_dog/n02116738_4732.jpg,n02092339-Weimaraner,n02116738-African_hunting_dog,train,train,8,32,False,False,False,False,train-train
n02093256-Staffordshire_bullterrier/n02093256_2557.jpg,n02104365-schipperke/n02104365_1852.jpg,n02093256-Staffordshire_bullterrier,n02104365-schipperke,train,test,8,24,False,False,False,True,train-test
n02093256-Staffordshire_bullterrier/n02093256_3325.jpg,n02110806-basenji/n02110806_4051.jpg,n02093256-Staffordshire_bullterrier,n02110806-basenji,train,test,8,26,False,False,False,True,train-test
n02093428-American_Staffordshire_terrier/n02093428_17557.jpg,n02094114-Norfolk_terrier/n02094114_2706.jpg,n02093428-American_Staffordshire_terrier,n02094114-Norfolk_terrier,val,train,8,34,False,False,False,True,train-val
n02093428-American_Staffordshire_terrier/n02093428_17557.jpg,n02098286-West_Highland_white_terrier/n02098286_617.jpg,n02093428-American_Staffordshire_terrier,n02098286-West_Highland_white_terrier,val,train,8,28,False,False,False,True,train-val
n02093428-American_Staffordshire_terrier/n02093428_17557.jpg,n02110806-basenji/n02110806_5238.jpg,n02093428-American_Staffordshire_terrier,n02110806-basenji,val,train,8,26,False,False,False,True,train-val
n02093428-American_Staffordshire_terrier/n02093428_3098.jpg,n02104365-schipperke/n02104365_2031.jpg,n02093428-American_Staffordshire_terrier,n02104365-schipperke,train,train,8,26,False,False,False,False,train-train
n02093647-Bedlington_terrier/n02093647_2427.jpg,n02096585-Boston_bull/n02096585_1172.jpg,n02093647-Bedlington_terrier,n02096585-Boston_bull,train,train,8,30,False,False,False,False,train-train
n02093647-Bedlington_terrier/n02093647_2427.jpg,n02098413-Lhasa/n02098413_17759.jpg,n02093647-Bedlington_terrier,n02098413-Lhasa,train,train,8,26,False,False,False,False,train-train
n02093754-Border_terrier/n02093754_5891.jpg,n02099601-golden_retriever/n02099601_1454.jpg,n02093754-Border_terrier,n02099601-golden_retriever,train,train,8,22,False,False,False,False,train-train
n02093859-Kerry_blue_terrier/n02093859_2202.jpg,n02102973-Irish_water_spaniel/n02102973_3584.jpg,n02093859-Kerry_blue_terrier,n02102973-Irish_water_spaniel,train,train,8,18,False,False,False,False,train-train
n02093859-Kerry_blue_terrier/n02093859_321.jpg,n02104365-schipperke/n02104365_6667.jpg,n02093859-Kerry_blue_terrier,n02104365-schipperke,train,train,8,20,False,False,False,False,train-train
n02093991-Irish_terrier/n02093991_4282.jpg,n02110958-pug/n02110958_14179.jpg,n02093991-Irish_terrier,n02110958-pug,train,test,8,26,False,False,False,True,train-test
n02094114-Norfolk_terrier/n02094114_1497.jpg,n02111129-Leonberg/n02111129_3573.jpg,n02094114-Norfolk_terrier,n02111129-Leonberg,train,test,8,26,False,False,False,True,train-test
n02094114-Norfolk_terrier/n02094114_161.jpg,n02101006-Gordon_setter/n02101006_3062.jpg,n02094114-Norfolk_terrier,n02101006-Gordon_setter,train,train,8,22,False,False,False,False,train-train
n02094114-Norfolk_terrier/n02094114_1984.jpg,n02097658-silky_terrier/n02097658_3140.jpg,n02094114-Norfolk_terrier,n02097658-silky_terrier,train,test,8,26,False,False,False,True,train-test
n02094258-Norwich_terrier/n02094258_1840.jpg,n02107312-miniature_pinscher/n02107312_1207.jpg,n02094258-Norwich_terrier,n02107312-miniature_pinscher,train,train,8,26,False,False,False,False,train-train
n02095314-wire-haired_fox_terrier/n02095314_1116.jpg,n02095314-wire-haired_fox_terrier/n02095314_2742.jpg,n02095314-wire-haired_fox_terrier,n02095314-wire-haired_fox_terrier,train,train,8,6,False,False,True,False,train-train
n02095570-Lakeland_terrier/n02095570_1437.jpg,n02095570-Lakeland_terrier/n02095570_5800.jpg,n02095570-Lakeland_terrier,n02095570-Lakeland_terrier,train,train,8,16,False,False,True,False,train-train
n02095570-Lakeland_terrier/n02095570_1445.jpg,n02095570-Lakeland_terrier/n02095570_3113.jpg,n02095570-Lakeland_terrier,n02095570-Lakeland_terrier,train,train,8,22,False,False,True,False,train-train
n02095570-Lakeland_terrier/n02095570_1445.jpg,n02112018-Pomeranian/n02112018_1348.jpg,n02095570-Lakeland_terrier,n02112018-Pomeranian,train,test,8,32,False,False,False,True,train-test
n02095570-Lakeland_terrier/n02095570_2748.jpg,n02095570-Lakeland_terrier/n02095570_816.jpg,n02095570-Lakeland_terrier,n02095570-Lakeland_terrier,train,train,8,22,False,False,True,False,train-train
n02095570-Lakeland_terrier/n02095570_5159.jpg,n02106662-German_shepherd/n02106662_12028.jpg,n02095570-Lakeland_terrier,n02106662-German_shepherd,train,train,8,26,False,False,False,False,train-train
n02095570-Lakeland_terrier/n02095570_5800.jpg,n02098413-Lhasa/n02098413_4926.jpg,n02095570-Lakeland_terrier,n02098413-Lhasa,train,val,8,28,False,False,False,True,train-val
n02095889-Sealyham_terrier/n02095889_1208.jpg,n02095889-Sealyham_terrier/n02095889_610.jpg,n02095889-Sealyham_terrier,n02095889-Sealyham_terrier,train,train,8,10,False,False,True,False,train-train
n02095889-Sealyham_terrier/n02095889_3159.jpg,n02095889-Sealyham_terrier/n02095889_6531.jpg,n02095889-Sealyham_terrier,n02095889-Sealyham_terrier,train,train,8,14,False,False,True,False,train-train
n02095889-Sealyham_terrier/n02095889_3651.jpg,n02095889-Sealyham_terrier/n02095889_61.jpg,n02095889-Sealyham_terrier,n02095889-Sealyham_terrier,train,train,8,10,False,False,True,False,train-train
n02096177-cairn/n02096177_2006.jpg,n02105056-groenendael/n02105056_4873.jpg,n02096177-cairn,n02105056-groenendael,train,train,8,30,False,False,False,False,train-train
n02096177-cairn/n02096177_4520.jpg,n02098105-soft-coated_wheaten_terrier/n02098105_408.jpg,n02096177-cairn,n02098105-soft-coated_wheaten_terrier,val,test,8,20,False,False,False,True,val-test
n02096177-cairn/n02096177_4520.jpg,n02110958-pug/n02110958_14179.jpg,n02096177-cairn,n02110958-pug,val,test,8,30,False,False,False,True,val-test
n02096177-cairn/n02096177_4520.jpg,n02113799-standard_poodle/n02113799_1922.jpg,n02096177-cairn,n02113799-standard_poodle,val,train,8,22,False,False,False,True,train-val
n02096177-cairn/n02096177_4801.jpg,n02112018-Pomeranian/n02112018_2896.jpg,n02096177-cairn,n02112018-Pomeranian,train,train,8,28,False,False,False,False,train-train
n02096437-Dandie_Dinmont/n02096437_1070.jpg,n02096437-Dandie_Dinmont/n02096437_4494.jpg,n02096437-Dandie_Dinmont,n02096437-Dandie_Dinmont,train,train,8,14,False,False,True,False,train-train
n02096585-Boston_bull/n02096585_1172.jpg,n02098413-Lhasa/n02098413_17759.jpg,n02096585-Boston_bull,n02098413-Lhasa,train,train,8,32,False,False,False,False,train-train
n02097130-giant_schnauzer/n02097130_2416.jpg,n02102973-Irish_water_spaniel/n02102973_4510.jpg,n02097130-giant_schnauzer,n02102973-Irish_water_spaniel,test,train,8,24,False,False,False,True,train-test
n02097474-Tibetan_terrier/n02097474_1095.jpg,n02116738-African_hunting_dog/n02116738_7340.jpg,n02097474-Tibetan_terrier,n02116738-African_hunting_dog,val,val,8,24,False,False,False,False,val-val
n02097474-Tibetan_terrier/n02097474_5523.jpg,n02110958-pug/n02110958_326.jpg,n02097474-Tibetan_terrier,n02110958-pug,train,val,8,28,False,False,False,True,train-val
n02097474-Tibetan_terrier/n02097474_6280.jpg,n02107312-miniature_pinscher/n02107312_254.jpg,n02097474-Tibetan_terrier,n02107312-miniature_pinscher,train,train,8,28,False,False,False,False,train-train
n02098105-soft-coated_wheaten_terrier/n02098105_205.jpg,n02101388-Brittany_spaniel/n02101388_2970.jpg,n02098105-soft-coated_wheaten_terrier,n02101388-Brittany_spaniel,train,train,8,20,False,False,False,False,train-train
n02098413-Lhasa/n02098413_17759.jpg,n02101556-clumber/n02101556_7528.jpg,n02098413-Lhasa,n02101556-clumber,train,train,8,26,False,False,False,False,train-train
n02098413-Lhasa/n02098413_17759.jpg,n02112018-Pomeranian/n02112018_2896.jpg,n02098413-Lhasa,n02112018-Pomeranian,train,train,8,28,False,False,False,False,train-train
n02098413-Lhasa/n02098413_17759.jpg,n02112018-Pomeranian/n02112018_6121.jpg,n02098413-Lhasa,n02112018-Pomeranian,train,train,8,30,False,False,False,False,train-train
n02099267-flat-coated_retriever/n02099267_1095.jpg,n02099267-flat-coated_retriever/n02099267_5745.jpg,n02099267-flat-coated_retriever,n02099267-flat-coated_retriever,train,train,8,22,False,False,True,False,train-train
n02099267-flat-coated_retriever/n02099267_5415.jpg,n02099429-curly-coated_retriever/n02099429_1966.jpg,n02099267-flat-coated_retriever,n02099429-curly-coated_retriever,train,val,8,16,False,False,False,True,train-val
n02099267-flat-coated_retriever/n02099267_693.jpg,n02108000-EntleBucher/n02108000_1874.jpg,n02099267-flat-coated_retriever,n02108000-EntleBucher,train,test,8,20,False,False,False,True,train-test
n02099601-golden_retriever/n02099601_1454.jpg,n02110806-basenji/n02110806_518.jpg,n02099601-golden_retriever,n02110806-basenji,train,test,8,26,False,False,False,True,train-test
n02099601-golden_retriever/n02099601_2029.jpg,n02111889-Samoyed/n02111889_3399.jpg,n02099601-golden_retriever,n02111889-Samoyed,train,train,8,28,False,False,False,False,train-train
n02099601-golden_retriever/n02099601_5051.jpg,n02108000-EntleBucher/n02108000_918.jpg,n02099601-golden_retriever,n02108000-EntleBucher,train,test,8,26,False,False,False,True,train-test
n02099601-golden_retriever/n02099601_7771.jpg,n02105641-Old_English_sheepdog/n02105641_3723.jpg,n02099601-golden_retriever,n02105641-Old_English_sheepdog,train,train,8,26,False,False,False,False,train-train
n02099601-golden_retriever/n02099601_7993.jpg,n02110958-pug/n02110958_14179.jpg,n02099601-golden_retriever,n02110958-pug,train,test,8,24,False,False,False,True,train-test
n02099601-golden_retriever/n02099601_7993.jpg,n02113799-standard_poodle/n02113799_1922.jpg,n02099601-golden_retriever,n02113799-standard_poodle,train,train,8,20,False,False,False,False,train-train
n02099712-Labrador_retriever/n02099712_7937.jpg,n02100236-German_short-haired_pointer/n02100236_5735.jpg,n02099712-Labrador_retriever,n02100236-German_short-haired_pointer,val,val,8,20,False,False,False,False,val-val
n02100583-vizsla/n02100583_3274.jpg,n02112018-Pomeranian/n02112018_2896.jpg,n02100583-vizsla,n02112018-Pomeranian,train,train,8,22,False,False,False,False,train-train
n02100735-English_setter/n02100735_10086.jpg,n02107312-miniature_pinscher/n02107312_2300.jpg,n02100735-English_setter,n02107312-miniature_pinscher,test,train,8,20,False,False,False,True,train-test
n02100735-English_setter/n02100735_4813.jpg,n02107312-miniature_pinscher/n02107312_254.jpg,n02100735-English_setter,n02107312-miniature_pinscher,train,train,8,22,False,False,False,False,train-train
n02100877-Irish_setter/n02100877_92.jpg,n02112018-Pomeranian/n02112018_5697.jpg,n02100877-Irish_setter,n02112018-Pomeranian,train,train,8,30,False,False,False,False,train-train
n02101006-Gordon_setter/n02101006_3103.jpg,n02102177-Welsh_springer_spaniel/n02102177_715.jpg,n02101006-Gordon_setter,n02102177-Welsh_springer_spaniel,test,train,8,22,False,False,False,True,train-test
n02101388-Brittany_spaniel/n02101388_2429.jpg,n02115913-dhole/n02115913_1060.jpg,n02101388-Brittany_spaniel,n02115913-dhole,train,val,8,22,False,False,False,True,train-val
n02102177-Welsh_springer_spaniel/n02102177_3032.jpg,n02115913-dhole/n02115913_1060.jpg,n02102177-Welsh_springer_spaniel,n02115913-dhole,test,val,8,24,False,False,False,True,val-test
n02102318-cocker_spaniel/n02102318_10218.jpg,n02105056-groenendael/n02105056_6827.jpg,n02102318-cocker_spaniel,n02105056-groenendael,val,train,8,32,False,False,False,True,train-val
n02102973-Irish_water_spaniel/n02102973_1609.jpg,n02106166-Border_collie/n02106166_3395.jpg,n02102973-Irish_water_spaniel,n02106166-Border_collie,train,train,8,28,False,False,False,False,train-train
n02102973-Irish_water_spaniel/n02102973_4913.jpg,n02104365-schipperke/n02104365_999.jpg,n02102973-Irish_water_spaniel,n02104365-schipperke,test,train,8,32,False,False,False,True,train-test
n02104029-kuvasz/n02104029_1278.jpg,n02104029-kuvasz/n02104029_2150.jpg,n02104029-kuvasz,n02104029-kuvasz,train,val,8,16,False,False,True,True,train-val
n02104365-schipperke/n02104365_7629.jpg,n02107312-miniature_pinscher/n02107312_1207.jpg,n02104365-schipperke,n02107312-miniature_pinscher,test,train,8,28,False,False,False,True,train-test
n02105056-groenendael/n02105056_3123.jpg,n02111277-Newfoundland/n02111277_4263.jpg,n02105056-groenendael,n02111277-Newfoundland,test,train,8,26,False,False,False,True,train-test
n02105251-briard/n02105251_3551.jpg,n02105251-briard/n02105251_8078.jpg,n02105251-briard,n02105251-briard,val,train,8,8,False,False,True,True,train-val
n02105251-briard/n02105251_6705.jpg,n02106550-Rottweiler/n02106550_10555.jpg,n02105251-briard,n02106550-Rottweiler,train,train,8,26,False,False,False,False,train-train
n02105251-briard/n02105251_7349.jpg,n02105251-briard/n02105251_8094.jpg,n02105251-briard,n02105251-briard,train,train,8,6,False,False,True,False,train-train
n02105412-kelpie/n02105412_6385.jpg,n02108551-Tibetan_mastiff/n02108551_2596.jpg,n02105412-kelpie,n02108551-Tibetan_mastiff,train,train,8,16,False,False,False,False,train-train
n02105505-komondor/n02105505_2942.jpg,n02105505-komondor/n02105505_43.jpg,n02105505-komondor,n02105505-komondor,train,train,8,10,False,False,True,False,train-train
n02105505-komondor/n02105505_3713.jpg,n02105505-komondor/n02105505_4090.jpg,n02105505-komondor,n02105505-komondor,test,test,8,12,False,False,True,False,test-test
n02105641-Old_English_sheepdog/n02105641_8576.jpg,n02112018-Pomeranian/n02112018_5697.jpg,n02105641-Old_English_sheepdog,n02112018-Pomeranian,test,train,8,36,False,False,False,True,train-test
n02107312-miniature_pinscher/n02107312_1207.jpg,n02107312-miniature_pinscher/n02107312_254.jpg,n02107312-miniature_pinscher,n02107312-miniature_pinscher,train,train,8,24,False,False,True,False,train-train
n02107312-miniature_pinscher/n02107312_1207.jpg,n02111129-Leonberg/n02111129_4677.jpg,n02107312-miniature_pinscher,n02111129-Leonberg,train,train,8,32,False,False,False,False,train-train
n02107312-miniature_pinscher/n02107312_1207.jpg,n02113624-toy_poodle/n02113624_8943.jpg,n02107312-miniature_pinscher,n02113624-toy_poodle,train,train,8,26,False,False,False,False,train-train
n02107312-miniature_pinscher/n02107312_1207.jpg,n02113712-miniature_poodle/n02113712_112.jpg,n02107312-miniature_pinscher,n02113712-miniature_poodle,train,train,8,34,False,False,False,False,train-train
n02107312-miniature_pinscher/n02107312_1207.jpg,n02113799-standard_poodle/n02113799_1922.jpg,n02107312-miniature_pinscher,n02113799-standard_poodle,train,train,8,22,False,False,False,False,train-train
n02107312-miniature_pinscher/n02107312_254.jpg,n02113624-toy_poodle/n02113624_3864.jpg,n02107312-miniature_pinscher,n02113624-toy_poodle,train,train,8,32,False,False,False,False,train-train
n02107312-miniature_pinscher/n02107312_254.jpg,n02113624-toy_poodle/n02113624_8943.jpg,n02107312-miniature_pinscher,n02113624-toy_poodle,train,train,8,28,False,False,False,False,train-train
n02107683-Bernese_mountain_dog/n02107683_5946.jpg,n02115913-dhole/n02115913_1060.jpg,n02107683-Bernese_mountain_dog,n02115913-dhole,train,val,8,30,False,False,False,True,train-val
n02108422-bull_mastiff/n02108422_3086.jpg,n02112018-Pomeranian/n02112018_2896.jpg,n02108422-bull_mastiff,n02112018-Pomeranian,train,train,8,34,False,False,False,False,train-train
n02109047-Great_Dane/n02109047_12467.jpg,n02111500-Great_Pyrenees/n02111500_9116.jpg,n02109047-Great_Dane,n02111500-Great_Pyrenees,val,train,8,26,False,False,False,True,train-val
n02109047-Great_Dane/n02109047_12467.jpg,n02115913-dhole/n02115913_1060.jpg,n02109047-Great_Dane,n02115913-dhole,val,val,8,30,False,False,False,False,val-val
n02109047-Great_Dane/n02109047_875.jpg,n02113712-miniature_poodle/n02113712_2021.jpg,n02109047-Great_Dane,n02113712-miniature_poodle,test,train,8,26,False,False,False,True,train-test
n02110185-Siberian_husky/n02110185_7413.jpg,n02111889-Samoyed/n02111889_597.jpg,n02110185-Siberian_husky,n02111889-Samoyed,train,train,8,26,False,False,False,False,train-train
n02110627-affenpinscher/n02110627_2157.jpg,n02111277-Newfoundland/n02111277_7062.jpg,n02110627-affenpinscher,n02111277-Newfoundland,train,train,8,24,False,False,False,False,train-train
n02110806-basenji/n02110806_1674.jpg,n02112018-Pomeranian/n02112018_2896.jpg,n02110806-basenji,n02112018-Pomeranian,train,train,8,26,False,False,False,False,train-train
n02110806-basenji/n02110806_1674.jpg,n02112018-Pomeranian/n02112018_6121.jpg,n02110806-basenji,n02112018-Pomeranian,train,train,8,34,False,False,False,False,train-train
n02110958-pug/n02110958_14179.jpg,n02113799-standard_poodle/n02113799_1922.jpg,n02110958-pug,n02113799-standard_poodle,test,train,8,28,False,False,False,True,train-test
n02111129-Leonberg/n02111129_1501.jpg,n02113799-standard_poodle/n02113799_1572.jpg,n02111129-Leonberg,n02113799-standard_poodle,train,train,8,20,False,False,False,False,train-train
n02111129-Leonberg/n02111129_1503.jpg,n02111129-Leonberg/n02111129_3499.jpg,n02111129-Leonberg,n02111129-Leonberg,val,test,8,8,False,False,True,True,val-test
n02111129-Leonberg/n02111129_188.jpg,n02111129-Leonberg/n02111129_4048.jpg,n02111129-Leonberg,n02111129-Leonberg,train,train,8,6,False,False,True,False,train-train
n02111129-Leonberg/n02111129_4677.jpg,n02113624-toy_poodle/n02113624_8943.jpg,n02111129-Leonberg,n02113624-toy_poodle,train,train,8,32,False,False,False,False,train-train
n02111129-Leonberg/n02111129_4779.jpg,n02112018-Pomeranian/n02112018_5349.jpg,n02111129-Leonberg,n02112018-Pomeranian,val,val,8,30,False,False,False,False,val-val
n02111277-Newfoundland/n02111277_7395.jpg,n02111277-Newfoundland/n02111277_939.jpg,n02111277-Newfoundland,n02111277-Newfoundland,train,train,8,14,False,False,True,False,train-train
n02111500-Great_Pyrenees/n02111500_5618.jpg,n02112018-Pomeranian/n02112018_2896.jpg,n02111500-Great_Pyrenees,n02112018-Pomeranian,val,train,8,30,False,False,False,True,train-val
n02111500-Great_Pyrenees/n02111500_6401.jpg,n02112018-Pomeranian/n02112018_2896.jpg,n02111500-Great_Pyrenees,n02112018-Pomeranian,train,train,8,36,False,False,False,False,train-train
n02111500-Great_Pyrenees/n02111500_9116.jpg,n02115913-dhole/n02115913_1060.jpg,n02111500-Great_Pyrenees,n02115913-dhole,train,val,8,32,False,False,False,True,train-val
n02111889-Samoyed/n02111889_4142.jpg,n02112018-Pomeranian/n02112018_3494.jpg,n02111889-Samoyed,n02112018-Pomeranian,train,val,8,28,False,False,False,True,train-val
n02112018-Pomeranian/n02112018_2896.jpg,n02112018-Pomeranian/n02112018_6121.jpg,n02112018-Pomeranian,n02112018-Pomeranian,train,train,8,34,False,False,True,False,train-train
n02112350-keeshond/n02112350_7445.jpg,n02113799-standard_poodle/n02113799_1922.jpg,n02112350-keeshond,n02113799-standard_poodle,val,train,8,32,False,False,False,True,train-val
n02113186-Cardigan/n02113186_11073.jpg,n02113624-toy_poodle/n02113624_3864.jpg,n02113186-Cardigan,n02113624-toy_poodle,train,train,8,24,False,False,False,False,train-train
n02113186-Cardigan/n02113186_9902.jpg,n02113624-toy_poodle/n02113624_8943.jpg,n02113186-Cardigan,n02113624-toy_poodle,train,train,8,24,False,False,False,False,train-train
n02113978-Mexican_hairless/n02113978_1939.jpg,n02113978-Mexican_hairless/n02113978_3419.jpg,n02113978-Mexican_hairless,n02113978-Mexican_hairless,test,train,8,8,False,False,True,True,train-test
n02085620-Chihuahua/n02085620_11696.jpg,n02093428-American_Staffordshire_terrier/n02093428_17557.jpg,n02085620-Chihuahua,n02093428-American_Staffordshire_terrier,val,val,9,20,False,False,False,False,val-val
n02085620-Chihuahua/n02085620_11696.jpg,n02108422-bull_mastiff/n02108422_3086.jpg,n02085620-Chihuahua,n02108422-bull_mastiff,val,train,9,32,False,False,False,True,train-val
n02085620-Chihuahua/n02085620_1620.jpg,n02086079-Pekinese/n02086079_3996.jpg,n02085620-Chihuahua,n02086079-Pekinese,test,train,9,28,False,False,False,True,train-test
n02085620-Chihuahua/n02085620_2204.jpg,n02085936-Maltese_dog/n02085936_10625.jpg,n02085620-Chihuahua,n02085936-Maltese_dog,val,train,9,38,False,False,False,True,train-val
n02085620-Chihuahua/n02085620_2204.jpg,n02086079-Pekinese/n02086079_937.jpg,n02085620-Chihuahua,n02086079-Pekinese,val,train,9,22,False,False,False,True,train-val
n02085620-Chihuahua/n02085620_2204.jpg,n02093754-Border_terrier/n02093754_5891.jpg,n02085620-Chihuahua,n02093754-Border_terrier,val,train,9,26,False,False,False,True,train-val
n02085620-Chihuahua/n02085620_2204.jpg,n02112018-Pomeranian/n02112018_2691.jpg,n02085620-Chihuahua,n02112018-Pomeranian,val,val,9,32,False,False,False,False,val-val
n02085620-Chihuahua/n02085620_4207.jpg,n02090379-redbone/n02090379_2114.jpg,n02085620-Chihuahua,n02090379-redbone,train,train,9,24,False,False,False,False,train-train
n02085620-Chihuahua/n02085620_4875.jpg,n02109961-Eskimo_dog/n02109961_3027.jpg,n02085620-Chihuahua,n02109961-Eskimo_dog,test,train,9,24,False,False,False,True,train-test
n02085620-Chihuahua/n02085620_9357.jpg,n02111889-Samoyed/n02111889_2425.jpg,n02085620-Chihuahua,n02111889-Samoyed,val,train,9,30,False,False,False,True,train-val
n02085782-Japanese_spaniel/n02085782_1059.jpg,n02086079-Pekinese/n02086079_1451.jpg,n02085782-Japanese_spaniel,n02086079-Pekinese,train,train,9,26,False,False,False,False,train-train
n02085782-Japanese_spaniel/n02085782_1143.jpg,n02085782-Japanese_spaniel/n02085782_2293.jpg,n02085782-Japanese_spaniel,n02085782-Japanese_spaniel,train,train,9,12,False,False,True,False,train-train
n02085782-Japanese_spaniel/n02085782_126.jpg,n02085782-Japanese_spaniel/n02085782_3387.jpg,n02085782-Japanese_spaniel,n02085782-Japanese_spaniel,train,val,9,28,False,False,True,True,train-val
n02085782-Japanese_spaniel/n02085782_2207.jpg,n02093647-Bedlington_terrier/n02093647_2349.jpg,n02085782-Japanese_spaniel,n02093647-Bedlington_terrier,train,train,9,28,False,False,False,False,train-train
n02085936-Maltese_dog/n02085936_10148.jpg,n02093256-Staffordshire_bullterrier/n02093256_2557.jpg,n02085936-Maltese_dog,n02093256-Staffordshire_bullterrier,test,train,9,28,False,False,False,True,train-test
n02085936-Maltese_dog/n02085936_10273.jpg,n02085936-Maltese_dog/n02085936_19558.jpg,n02085936-Maltese_dog,n02085936-Maltese_dog,train,val,9,32,False,False,True,True,train-val
n02085936-Maltese_dog/n02085936_10377.jpg,n02094433-Yorkshire_terrier/n02094433_1849.jpg,n02085936-Maltese_dog,n02094433-Yorkshire_terrier,train,train,9,28,False,False,False,False,train-train
n02085936-Maltese_dog/n02085936_10625.jpg,n02085936-Maltese_dog/n02085936_8224.jpg,n02085936-Maltese_dog,n02085936-Maltese_dog,train,train,9,24,False,False,True,False,train-train
n02085936-Maltese_dog/n02085936_10625.jpg,n02086240-Shih-Tzu/n02086240_12314.jpg,n02085936-Maltese_dog,n02086240-Shih-Tzu,train,val,9,26,False,False,False,True,train-val
n02085936-Maltese_dog/n02085936_10625.jpg,n02093647-Bedlington_terrier/n02093647_2427.jpg,n02085936-Maltese_dog,n02093647-Bedlington_terrier,train,train,9,26,False,False,False,False,train-train
n02085936-Maltese_dog/n02085936_10625.jpg,n02105641-Old_English_sheepdog/n02105641_8576.jpg,n02085936-Maltese_dog,n02105641-Old_English_sheepdog,train,test,9,26,False,False,False,True,train-test
n02085936-Maltese_dog/n02085936_10625.jpg,n02110806-basenji/n02110806_1674.jpg,n02085936-Maltese_dog,n02110806-basenji,train,train,9,36,False,False,False,False,train-train
n02085936-Maltese_dog/n02085936_10625.jpg,n02111500-Great_Pyrenees/n02111500_5618.jpg,n02085936-Maltese_dog,n02111500-Great_Pyrenees,train,val,9,26,False,False,False,True,train-val
n02085936-Maltese_dog/n02085936_10625.jpg,n02111500-Great_Pyrenees/n02111500_6401.jpg,n02085936-Maltese_dog,n02111500-Great_Pyrenees,train,train,9,26,False,False,False,False,train-train
n02085936-Maltese_dog/n02085936_10625.jpg,n02112018-Pomeranian/n02112018_6121.jpg,n02085936-Maltese_dog,n02112018-Pomeranian,train,train,9,28,False,False,False,False,train-train
n02085936-Maltese_dog/n02085936_14595.jpg,n02112018-Pomeranian/n02112018_3494.jpg,n02085936-Maltese_dog,n02112018-Pomeranian,train,val,9,24,False,False,False,True,train-val
n02085936-Maltese_dog/n02085936_16331.jpg,n02086079-Pekinese/n02086079_15220.jpg,n02085936-Maltese_dog,n02086079-Pekinese,val,train,9,24,False,False,False,True,train-val
n02085936-Maltese_dog/n02085936_22439.jpg,n02113624-toy_poodle/n02113624_2905.jpg,n02085936-Maltese_dog,n02113624-toy_poodle,test,train,9,28,False,False,False,True,train-test
n02085936-Maltese_dog/n02085936_2465.jpg,n02096177-cairn/n02096177_1589.jpg,n02085936-Maltese_dog,n02096177-cairn,train,test,9,28,False,False,False,True,train-test
n02085936-Maltese_dog/n02085936_2741.jpg,n02096294-Australian_terrier/n02096294_4535.jpg,n02085936-Maltese_dog,n02096294-Australian_terrier,train,train,9,32,False,False,False,False,train-train
n02085936-Maltese_dog/n02085936_2832.jpg,n02085936-Maltese_dog/n02085936_3326.jpg,n02085936-Maltese_dog,n02085936-Maltese_dog,val,train,9,30,False,False,True,True,train-val
n02085936-Maltese_dog/n02085936_2832.jpg,n02085936-Maltese_dog/n02085936_8224.jpg,n02085936-Maltese_dog,n02085936-Maltese_dog,val,train,9,30,False,False,True,True,train-val
n02085936-Maltese_dog/n02085936_2832.jpg,n02088632-bluetick/n02088632_1704.jpg,n02085936-Maltese_dog,n02088632-bluetick,val,train,9,34,False,False,False,True,train-val
n02085936-Maltese_dog/n02085936_2832.jpg,n02093428-American_Staffordshire_terrier/n02093428_17557.jpg,n02085936-Maltese_dog,n02093428-American_Staffordshire_terrier,val,val,9,32,False,False,False,False,val-val
n02085936-Maltese_dog/n02085936_2832.jpg,n02098413-Lhasa/n02098413_17759.jpg,n02085936-Maltese_dog,n02098413-Lhasa,val,train,9,32,False,False,False,True,train-val
n02085936-Maltese_dog/n02085936_2832.jpg,n02111500-Great_Pyrenees/n02111500_6401.jpg,n02085936-Maltese_dog,n02111500-Great_Pyrenees,val,train,9,30,False,False,False,True,train-val
n02085936-Maltese_dog/n02085936_2832.jpg,n02112018-Pomeranian/n02112018_2896.jpg,n02085936-Maltese_dog,n02112018-Pomeranian,val,train,9,32,False,False,False,True,train-val
n02085936-Maltese_dog/n02085936_2832.jpg,n02112018-Pomeranian/n02112018_6121.jpg,n02085936-Maltese_dog,n02112018-Pomeranian,val,train,9,26,False,False,False,True,train-val
n02085936-Maltese_dog/n02085936_3326.jpg,n02085936-Maltese_dog/n02085936_8350.jpg,n02085936-Maltese_dog,n02085936-Maltese_dog,train,train,9,28,False,False,True,False,train-train
n02085936-Maltese_dog/n02085936_3326.jpg,n02086079-Pekinese/n02086079_17564.jpg,n02085936-Maltese_dog,n02086079-Pekinese,train,train,9,30,False,False,False,False,train-train
n02085936-Maltese_dog/n02085936_3326.jpg,n02086079-Pekinese/n02086079_937.jpg,n02085936-Maltese_dog,n02086079-Pekinese,train,train,9,24,False,False,False,False,train-train
n02085936-Maltese_dog/n02085936_3326.jpg,n02086240-Shih-Tzu/n02086240_1170.jpg,n02085936-Maltese_dog,n02086240-Shih-Tzu,train,train,9,22,False,False,False,False,train-train
n02085936-Maltese_dog/n02085936_3326.jpg,n02087394-Rhodesian_ridgeback/n02087394_5474.jpg,n02085936-Maltese_dog,n02087394-Rhodesian_ridgeback,train,train,9,32,False,False,False,False,train-train
n02085936-Maltese_dog/n02085936_3326.jpg,n02095570-Lakeland_terrier/n02095570_5955.jpg,n02085936-Maltese_dog,n02095570-Lakeland_terrier,train,train,9,24,False,False,False,False,train-train
n02085936-Maltese_dog/n02085936_3326.jpg,n02100236-German_short-haired_pointer/n02100236_5735.jpg,n02085936-Maltese_dog,n02100236-German_short-haired_pointer,train,val,9,30,False,False,False,True,train-val
n02085936-Maltese_dog/n02085936_3326.jpg,n02104029-kuvasz/n02104029_2769.jpg,n02085936-Maltese_dog,n02104029-kuvasz,train,train,9,20,False,False,False,False,train-train
n02085936-Maltese_dog/n02085936_3326.jpg,n02109047-Great_Dane/n02109047_12467.jpg,n02085936-Maltese_dog,n02109047-Great_Dane,train,val,9,32,False,False,False,True,train-val
n02085936-Maltese_dog/n02085936_3326.jpg,n02109525-Saint_Bernard/n02109525_2008.jpg,n02085936-Maltese_dog,n02109525-Saint_Bernard,train,train,9,30,False,False,False,False,train-train
n02085936-Maltese_dog/n02085936_3326.jpg,n02111500-Great_Pyrenees/n02111500_9116.jpg,n02085936-Maltese_dog,n02111500-Great_Pyrenees,train,train,9,38,False,False,False,False,train-train
n02085936-Maltese_dog/n02085936_3326.jpg,n02112018-Pomeranian/n02112018_3494.jpg,n02085936-Maltese_dog,n02112018-Pomeranian,train,val,9,26,False,False,False,True,train-val
n02085936-Maltese_dog/n02085936_3580.jpg,n02086079-Pekinese/n02086079_1451.jpg,n02085936-Maltese_dog,n02086079-Pekinese,train,train,9,30,False,False,False,False,train-train
n02085936-Maltese_dog/n02085936_3580.jpg,n02107683-Bernese_mountain_dog/n02107683_5946.jpg,n02085936-Maltese_dog,n02107683-Bernese_mountain_dog,train,train,9,32,False,False,False,False,train-train
n02085936-Maltese_dog/n02085936_8224.jpg,n02086079-Pekinese/n02086079_937.jpg,n02085936-Maltese_dog,n02086079-Pekinese,train,train,9,28,False,False,False,False,train-train
n02085936-Maltese_dog/n02085936_8224.jpg,n02102973-Irish_water_spaniel/n02102973_644.jpg,n02085936-Maltese_dog,n02102973-Irish_water_spaniel,train,train,9,26,False,False,False,False,train-train
n02085936-Maltese_dog/n02085936_8224.jpg,n02110185-Siberian_husky/n02110185_1289.jpg,n02085936-Maltese_dog,n02110185-Siberian_husky,train,train,9,30,False,False,False,False,train-train
n02085936-Maltese_dog/n02085936_8224.jpg,n02111500-Great_Pyrenees/n02111500_9116.jpg,n02085936-Maltese_dog,n02111500-Great_Pyrenees,train,train,9,28,False,False,False,False,train-train
n02085936-Maltese_dog/n02085936_8224.jpg,n02112018-Pomeranian/n02112018_3494.jpg,n02085936-Maltese_dog,n02112018-Pomeranian,train,val,9,24,False,False,False,True,train-val
n02085936-Maltese_dog/n02085936_8224.jpg,n02115913-dhole/n02115913_1060.jpg,n02085936-Maltese_dog,n02115913-dhole,train,val,9,32,False,False,False,True,train-val
n02085936-Maltese_dog/n02085936_8350.jpg,n02088364-beagle/n02088364_2000.jpg,n02085936-Maltese_dog,n02088364-beagle,train,train,9,24,False,False,False,False,train-train
n02085936-Maltese_dog/n02085936_8350.jpg,n02095314-wire-haired_fox_terrier/n02095314_1917.jpg,n02085936-Maltese_dog,n02095314-wire-haired_fox_terrier,train,train,9,22,False,False,False,False,train-train
n02086079-Pekinese/n02086079_1451.jpg,n02088364-beagle/n02088364_5123.jpg,n02086079-Pekinese,n02088364-beagle,train,train,9,28,False,False,False,False,train-train
n02086079-Pekinese/n02086079_1451.jpg,n02094114-Norfolk_terrier/n02094114_2706.jpg,n02086079-Pekinese,n02094114-Norfolk_terrier,train,train,9,30,False,False,False,False,train-train
n02086079-Pekinese/n02086079_1451.jpg,n02095314-wire-haired_fox_terrier/n02095314_1917.jpg,n02086079-Pekinese,n02095314-wire-haired_fox_terrier,train,train,9,24,False,False,False,False,train-train
n02086079-Pekinese/n02086079_1451.jpg,n02096177-cairn/n02096177_4801.jpg,n02086079-Pekinese,n02096177-cairn,train,train,9,26,False,False,False,False,train-train
n02086079-Pekinese/n02086079_1451.jpg,n02098286-West_Highland_white_terrier/n02098286_617.jpg,n02086079-Pekinese,n02098286-West_Highland_white_terrier,train,train,9,30,False,False,False,False,train-train
n02086079-Pekinese/n02086079_1451.jpg,n02105641-Old_English_sheepdog/n02105641_523.jpg,n02086079-Pekinese,n02105641-Old_English_sheepdog,train,test,9,30,False,False,False,True,train-test
n02086079-Pekinese/n02086079_1451.jpg,n02110806-basenji/n02110806_1674.jpg,n02086079-Pekinese,n02110806-basenji,train,train,9,26,False,False,False,False,train-train
n02086079-Pekinese/n02086079_15220.jpg,n02093859-Kerry_blue_terrier/n02093859_2055.jpg,n02086079-Pekinese,n02093859-Kerry_blue_terrier,train,test,9,18,False,False,False,True,train-test
n02086079-Pekinese/n02086079_15220.jpg,n02102318-cocker_spaniel/n02102318_12887.jpg,n02086079-Pekinese,n02102318-cocker_spaniel,train,train,9,28,False,False,False,False,train-train
n02086079-Pekinese/n02086079_17564.jpg,n02088364-beagle/n02088364_2000.jpg,n02086079-Pekinese,n02088364-beagle,train,train,9,24,False,False,False,False,train-train
n02086079-Pekinese/n02086079_22136.jpg,n02105641-Old_English_sheepdog/n02105641_523.jpg,n02086079-Pekinese,n02105641-Old_English_sheepdog,train,test,9,30,False,False,False,True,train-test
n02086079-Pekinese/n02086079_2933.jpg,n02096177-cairn/n02096177_2006.jpg,n02086079-Pekinese,n02096177-cairn,train,train,9,26,False,False,False,False,train-train
n02086079-Pekinese/n02086079_3493.jpg,n02098413-Lhasa/n02098413_16322.jpg,n02086079-Pekinese,n02098413-Lhasa,train,val,9,24,False,False,False,True,train-val
n02086079-Pekinese/n02086079_3996.jpg,n02107312-miniature_pinscher/n02107312_1207.jpg,n02086079-Pekinese,n02107312-miniature_pinscher,train,train,9,22,False,False,False,False,train-train
n02086079-Pekinese/n02086079_3996.jpg,n02110958-pug/n02110958_14179.jpg,n02086079-Pekinese,n02110958-pug,train,test,9,22,False,False,False,True,train-test
n02086079-Pekinese/n02086079_5766.jpg,n02099601-golden_retriever/n02099601_1454.jpg,n02086079-Pekinese,n02099601-golden_retriever,train,train,9,28,False,False,False,False,train-train
n02086079-Pekinese/n02086079_5766.jpg,n02102318-cocker_spaniel/n02102318_12887.jpg,n02086079-Pekinese,n02102318-cocker_spaniel,train,train,9,22,False,False,False,False,train-train
n02086079-Pekinese/n02086079_937.jpg,n02088364-beagle/n02088364_2000.jpg,n02086079-Pekinese,n02088364-beagle,train,train,9,32,False,False,False,False,train-train
n02086079-Pekinese/n02086079_937.jpg,n02088364-beagle/n02088364_2661.jpg,n02086079-Pekinese,n02088364-beagle,train,test,9,26,False,False,False,True,train-test
n02086079-Pekinese/n02086079_937.jpg,n02098413-Lhasa/n02098413_1473.jpg,n02086079-Pekinese,n02098413-Lhasa,train,train,9,16,False,False,False,False,train-train
n02086079-Pekinese/n02086079_937.jpg,n02100583-vizsla/n02100583_3274.jpg,n02086079-Pekinese,n02100583-vizsla,train,train,9,30,False,False,False,False,train-train
n02086079-Pekinese/n02086079_937.jpg,n02105641-Old_English_sheepdog/n02105641_523.jpg,n02086079-Pekinese,n02105641-Old_English_sheepdog,train,test,9,30,False,False,False,True,train-test
n02086079-Pekinese/n02086079_937.jpg,n02108089-boxer/n02108089_485.jpg,n02086079-Pekinese,n02108089-boxer,train,train,9,22,False,False,False,False,train-train
n02086079-Pekinese/n02086079_937.jpg,n02111500-Great_Pyrenees/n02111500_5618.jpg,n02086079-Pekinese,n02111500-Great_Pyrenees,train,val,9,24,False,False,False,True,train-val
n02086079-Pekinese/n02086079_937.jpg,n02113624-toy_poodle/n02113624_6060.jpg,n02086079-Pekinese,n02113624-toy_poodle,train,train,9,20,False,False,False,False,train-train
n02086240-Shih-Tzu/n02086240_12314.jpg,n02102318-cocker_spaniel/n02102318_10483.jpg,n02086240-Shih-Tzu,n02102318-cocker_spaniel,val,train,9,22,False,False,False,True,train-val
n02086240-Shih-Tzu/n02086240_1927.jpg,n02112018-Pomeranian/n02112018_2896.jpg,n02086240-Shih-Tzu,n02112018-Pomeranian,train,train,9,30,False,False,False,False,train-train
n02086240-Shih-Tzu/n02086240_6222.jpg,n02087394-Rhodesian_ridgeback/n02087394_5474.jpg,n02086240-Shih-Tzu,n02087394-Rhodesian_ridgeback,train,train,9,22,False,False,False,False,train-train
n02086240-Shih-Tzu/n02086240_7093.jpg,n02104029-kuvasz/n02104029_1794.jpg,n02086240-Shih-Tzu,n02104029-kuvasz,train,train,9,16,False,False,False,False,train-train
n02086240-Shih-Tzu/n02086240_739.jpg,n02096585-Boston_bull/n02096585_1172.jpg,n02086240-Shih-Tzu,n02096585-Boston_bull,train,train,9,22,False,False,False,False,train-train
n02086240-Shih-Tzu/n02086240_9293.jpg,n02105641-Old_English_sheepdog/n02105641_6261.jpg,n02086240-Shih-Tzu,n02105641-Old_English_sheepdog,val,val,9,26,False,False,False,False,val-val
n02086646-Blenheim_spaniel/n02086646_3721.jpg,n02089973-English_foxhound/n02089973_3799.jpg,n02086646-Blenheim_spaniel,n02089973-English_foxhound,train,train,9,30,False,False,False,False,train-train
n02086910-papillon/n02086910_1957.jpg,n02098413-Lhasa/n02098413_4926.jpg,n02086910-papillon,n02098413-Lhasa,test,val,9,24,False,False,False,True,val-test
n02086910-papillon/n02086910_3616.jpg,n02099712-Labrador_retriever/n02099712_6901.jpg,n02086910-papillon,n02099712-Labrador_retriever,train,test,9,22,False,False,False,True,train-test
n02087046-toy_terrier/n02087046_2957.jpg,n02112350-keeshond/n02112350_9008.jpg,n02087046-toy_terrier,n02112350-keeshond,train,train,9,22,False,False,False,False,train-train
n02087046-toy_terrier/n02087046_4647.jpg,n02113023-Pembroke/n02113023_3022.jpg,n02087046-toy_terrier,n02113023-Pembroke,test,train,9,32,False,False,False,True,train-test
n02087394-Rhodesian_ridgeback/n02087394_1964.jpg,n02090622-borzoi/n02090622_6565.jpg,n02087394-Rhodesian_ridgeback,n02090622-borzoi,train,val,9,26,False,False,False,True,train-val
n02087394-Rhodesian_ridgeback/n02087394_5474.jpg,n02093428-American_Staffordshire_terrier/n02093428_17557.jpg,n02087394-Rhodesian_ridgeback,n02093428-American_Staffordshire_terrier,train,val,9,18,False,False,False,True,train-val
n02087394-Rhodesian_ridgeback/n02087394_5474.jpg,n02098413-Lhasa/n02098413_7546.jpg,n02087394-Rhodesian_ridgeback,n02098413-Lhasa,train,train,9,28,False,False,False,False,train-train
n02087394-Rhodesian_ridgeback/n02087394_5474.jpg,n02100583-vizsla/n02100583_4473.jpg,n02087394-Rhodesian_ridgeback,n02100583-vizsla,train,train,9,22,False,False,False,False,train-train
n02087394-Rhodesian_ridgeback/n02087394_8716.jpg,n02100583-vizsla/n02100583_1969.jpg,n02087394-Rhodesian_ridgeback,n02100583-vizsla,train,train,9,28,False,False,False,False,train-train
n02088364-beagle/n02088364_2000.jpg,n02104029-kuvasz/n02104029_2769.jpg,n02088364-beagle,n02104029-kuvasz,train,train,9,30,False,False,False,False,train-train
n02088364-beagle/n02088364_2661.jpg,n02094258-Norwich_terrier/n02094258_3197.jpg,n02088364-beagle,n02094258-Norwich_terrier,test,test,9,28,False,False,False,False,test-test
n02088364-beagle/n02088364_2661.jpg,n02102177-Welsh_springer_spaniel/n02102177_3032.jpg,n02088364-beagle,n02102177-Welsh_springer_spaniel,test,test,9,30,False,False,False,False,test-test
n02088364-beagle/n02088364_5123.jpg,n02111500-Great_Pyrenees/n02111500_9116.jpg,n02088364-beagle,n02111500-Great_Pyrenees,train,train,9,30,False,False,False,False,train-train
n02088466-bloodhound/n02088466_10904.jpg,n02096051-Airedale/n02096051_4220.jpg,n02088466-bloodhound,n02096051-Airedale,test,val,9,18,False,False,False,True,val-test
n02088466-bloodhound/n02088466_7032.jpg,n02111889-Samoyed/n02111889_4142.jpg,n02088466-bloodhound,n02111889-Samoyed,train,train,9,32,False,False,False,False,train-train
n02088466-bloodhound/n02088466_8821.jpg,n02113624-toy_poodle/n02113624_10203.jpg,n02088466-bloodhound,n02113624-toy_poodle,train,val,9,24,False,False,False,True,train-val
n02088632-bluetick/n02088632_1704.jpg,n02095570-Lakeland_terrier/n02095570_5955.jpg,n02088632-bluetick,n02095570-Lakeland_terrier,train,train,9,22,False,False,False,False,train-train
n02088632-bluetick/n02088632_4590.jpg,n02094114-Norfolk_terrier/n02094114_694.jpg,n02088632-bluetick,n02094114-Norfolk_terrier,val,val,9,26,False,False,False,False,val-val
n02089078-black-and-tan_coonhound/n02089078_1025.jpg,n02099267-flat-coated_retriever/n02099267_1095.jpg,n02089078-black-and-tan_coonhound,n02099267-flat-coated_retriever,train,train,9,18,False,False,False,False,train-train
n02089078-black-and-tan_coonhound/n02089078_1025.jpg,n02099267-flat-coated_retriever/n02099267_5745.jpg,n02089078-black-and-tan_coonhound,n02099267-flat-coated_retriever,train,train,9,24,False,False,False,False,train-train
n02089867-Walker_hound/n02089867_55.jpg,n02095314-wire-haired_fox_terrier/n02095314_613.jpg,n02089867-Walker_hound,n02095314-wire-haired_fox_terrier,train,test,9,18,False,False,False,True,train-test
n02089867-Walker_hound/n02089867_90.jpg,n02100877-Irish_setter/n02100877_6747.jpg,n02089867-Walker_hound,n02100877-Irish_setter,test,train,9,28,False,False,False,True,train-test
n02089867-Walker_hound/n02089867_90.jpg,n02102318-cocker_spaniel/n02102318_10218.jpg,n02089867-Walker_hound,n02102318-cocker_spaniel,test,val,9,22,False,False,False,True,val-test
n02089973-English_foxhound/n02089973_1260.jpg,n02113712-miniature_poodle/n02113712_2653.jpg,n02089973-English_foxhound,n02113712-miniature_poodle,test,train,9,32,False,False,False,True,train-test
n02089973-English_foxhound/n02089973_263.jpg,n02106662-German_shepherd/n02106662_3953.jpg,n02089973-English_foxhound,n02106662-German_shepherd,test,train,9,24,False,False,False,True,train-test
n02090379-redbone/n02090379_3556.jpg,n02111889-Samoyed/n02111889_4142.jpg,n02090379-redbone,n02111889-Samoyed,train,train,9,30,False,False,False,False,train-train
n02090622-borzoi/n02090622_7232.jpg,n02097474-Tibetan_terrier/n02097474_5074.jpg,n02090622-borzoi,n02097474-Tibetan_terrier,train,train,9,28,False,False,False,False,train-train
n02090622-borzoi/n02090622_7619.jpg,n02105505-komondor/n02105505_43.jpg,n02090622-borzoi,n02105505-komondor,train,train,9,20,False,False,False,False,train-train
n02090622-borzoi/n02090622_7663.jpg,n02111500-Great_Pyrenees/n02111500_9250.jpg,n02090622-borzoi,n02111500-Great_Pyrenees,train,train,9,24,False,False,False,False,train-train
n02090721-Irish_wolfhound/n02090721_5880.jpg,n02113624-toy_poodle/n02113624_3864.jpg,n02090721-Irish_wolfhound,n02113624-toy_poodle,train,train,9,22,False,False,False,False,train-train
n02091032-Italian_greyhound/n02091032_102.jpg,n02096294-Australian_terrier/n02096294_8476.jpg,n02091032-Italian_greyhound,n02096294-Australian_terrier,train,test,9,30,False,False,False,True,train-test
n02091032-Italian_greyhound/n02091032_1034.jpg,n02091467-Norwegian_elkhound/n02091467_4268.jpg,n02091032-Italian_greyhound,n02091467-Norwegian_elkhound,train,train,9,22,False,False,False,False,train-train
n02091134-whippet/n02091134_11307.jpg,n02100236-German_short-haired_pointer/n02100236_5735.jpg,n02091134-whippet,n02100236-German_short-haired_pointer,train,val,9,22,False,False,False,True,train-val
n02091134-whippet/n02091134_15251.jpg,n02111500-Great_Pyrenees/n02111500_9116.jpg,n02091134-whippet,n02111500-Great_Pyrenees,train,train,9,26,False,False,False,False,train-train
n02091244-Ibizan_hound/n02091244_1496.jpg,n02093428-American_Staffordshire_terrier/n02093428_17557.jpg,n02091244-Ibizan_hound,n02093428-American_Staffordshire_terrier,train,val,9,28,False,False,False,True,train-val
n02091244-Ibizan_hound/n02091244_169.jpg,n02111500-Great_Pyrenees/n02111500_1590.jpg,n02091244-Ibizan_hound,n02111500-Great_Pyrenees,train,train,9,26,False,False,False,False,train-train
n02091244-Ibizan_hound/n02091244_5571.jpg,n02096437-Dandie_Dinmont/n02096437_3982.jpg,n02091244-Ibizan_hound,n02096437-Dandie_Dinmont,train,train,9,28,False,False,False,False,train-train
n02091244-Ibizan_hound/n02091244_5769.jpg,n02113186-Cardigan/n02113186_8414.jpg,n02091244-Ibizan_hound,n02113186-Cardigan,train,test,9,26,False,False,False,True,train-test
n02091244-Ibizan_hound/n02091244_873.jpg,n02110806-basenji/n02110806_1485.jpg,n02091244-Ibizan_hound,n02110806-basenji,train,train,9,16,False,False,False,False,train-train
n02091467-Norwegian_elkhound/n02091467_1330.jpg,n02105056-groenendael/n02105056_6827.jpg,n02091467-Norwegian_elkhound,n02105056-groenendael,train,train,9,20,False,False,False,False,train-train
n02091467-Norwegian_elkhound/n02091467_2122.jpg,n02109047-Great_Dane/n02109047_12467.jpg,n02091467-Norwegian_elkhound,n02109047-Great_Dane,train,val,9,30,False,False,False,True,train-val
n02091467-Norwegian_elkhound/n02091467_3098.jpg,n02113023-Pembroke/n02113023_4391.jpg,n02091467-Norwegian_elkhound,n02113023-Pembroke,train,train,9,30,False,False,False,False,train-train
n02091467-Norwegian_elkhound/n02091467_3104.jpg,n02093647-Bedlington_terrier/n02093647_2427.jpg,n02091467-Norwegian_elkhound,n02093647-Bedlington_terrier,train,train,9,22,False,False,False,False,train-train
n02091467-Norwegian_elkhound/n02091467_4491.jpg,n02110806-basenji/n02110806_1667.jpg,n02091467-Norwegian_elkhound,n02110806-basenji,train,train,9,26,False,False,False,False,train-train
n02091467-Norwegian_elkhound/n02091467_6240.jpg,n02093428-American_Staffordshire_terrier/n02093428_17557.jpg,n02091467-Norwegian_elkhound,n02093428-American_Staffordshire_terrier,train,val,9,28,False,False,False,True,train-val
n02091467-Norwegian_elkhound/n02091467_6240.jpg,n02112018-Pomeranian/n02112018_2896.jpg,n02091467-Norwegian_elkhound,n02112018-Pomeranian,train,train,9,30,False,False,False,False,train-train
n02091635-otterhound/n02091635_923.jpg,n02096051-Airedale/n02096051_9391.jpg,n02091635-otterhound,n02096051-Airedale,test,train,9,22,False,False,False,True,train-test
n02091831-Saluki/n02091831_10823.jpg,n02096177-cairn/n02096177_223.jpg,n02091831-Saluki,n02096177-cairn,train,test,9,30,False,False,False,True,train-test
n02091831-Saluki/n02091831_10823.jpg,n02098413-Lhasa/n02098413_17759.jpg,n02091831-Saluki,n02098413-Lhasa,train,train,9,30,False,False,False,False,train-train
n02091831-Saluki/n02091831_10823.jpg,n02112018-Pomeranian/n02112018_2896.jpg,n02091831-Saluki,n02112018-Pomeranian,train,train,9,32,False,False,False,False,train-train
n02091831-Saluki/n02091831_10823.jpg,n02112018-Pomeranian/n02112018_6121.jpg,n02091831-Saluki,n02112018-Pomeranian,train,train,9,26,False,False,False,False,train-train
n02091831-Saluki/n02091831_13774.jpg,n02092002-Scottish_deerhound/n02092002_15198.jpg,n02091831-Saluki,n02092002-Scottish_deerhound,train,val,9,28,False,False,False,True,train-val
n02092002-Scottish_deerhound/n02092002_2097.jpg,n02098286-West_Highland_white_terrier/n02098286_617.jpg,n02092002-Scottish_deerhound,n02098286-West_Highland_white_terrier,train,train,9,32,False,False,False,False,train-train
n02092002-Scottish_deerhound/n02092002_2097.jpg,n02104365-schipperke/n02104365_7629.jpg,n02092002-Scottish_deerhound,n02104365-schipperke,train,test,9,30,False,False,False,True,train-test
n02092002-Scottish_deerhound/n02092002_942.jpg,n02099601-golden_retriever/n02099601_7993.jpg,n02092002-Scottish_deerhound,n02099601-golden_retriever,train,train,9,26,False,False,False,False,train-train
n02092002-Scottish_deerhound/n02092002_942.jpg,n02100583-vizsla/n02100583_9922.jpg,n02092002-Scottish_deerhound,n02100583-vizsla,train,train,9,22,False,False,False,False,train-train
n02092002-Scottish_deerhound/n02092002_942.jpg,n02107908-Appenzeller/n02107908_2272.jpg,n02092002-Scottish_deerhound,n02107908-Appenzeller,train,train,9,18,False,False,False,False,train-train
n02092002-Scottish_deerhound/n02092002_942.jpg,n02113799-standard_poodle/n02113799_1922.jpg,n02092002-Scottish_deerhound,n02113799-standard_poodle,train,train,9,26,False,False,False,False,train-train
n02092339-Weimaraner/n02092339_1796.jpg,n02113712-miniature_poodle/n02113712_112.jpg,n02092339-Weimaraner,n02113712-miniature_poodle,train,train,9,28,False,False,False,False,train-train
n02092339-Weimaraner/n02092339_1950.jpg,n02110185-Siberian_husky/n02110185_7413.jpg,n02092339-Weimaraner,n02110185-Siberian_husky,test,train,9,26,False,False,False,True,train-test
n02092339-Weimaraner/n02092339_2006.jpg,n02095570-Lakeland_terrier/n02095570_838.jpg,n02092339-Weimaraner,n02095570-Lakeland_terrier,train,val,9,24,False,False,False,True,train-val
n02092339-Weimaraner/n02092339_3222.jpg,n02094258-Norwich_terrier/n02094258_2583.jpg,n02092339-Weimaraner,n02094258-Norwich_terrier,train,test,9,34,False,False,False,True,train-test
n02092339-Weimaraner/n02092339_439.jpg,n02099712-Labrador_retriever/n02099712_1941.jpg,n02092339-Weimaraner,n02099712-Labrador_retriever,train,train,9,24,False,False,False,False,train-train
n02092339-Weimaraner/n02092339_439.jpg,n02102318-cocker_spaniel/n02102318_10218.jpg,n02092339-Weimaraner,n02102318-cocker_spaniel,train,val,9,20,False,False,False,True,train-val
n02092339-Weimaraner/n02092339_5845.jpg,n02098413-Lhasa/n02098413_4238.jpg,n02092339-Weimaraner,n02098413-Lhasa,train,test,9,26,False,False,False,True,train-test
n02092339-Weimaraner/n02092339_5845.jpg,n02102177-Welsh_springer_spaniel/n02102177_3032.jpg,n02092339-Weimaraner,n02102177-Welsh_springer_spaniel,train,test,9,30,False,False,False,True,train-test
n02093256-Staffordshire_bullterrier/n02093256_2557.jpg,n02107312-miniature_pinscher/n02107312_1207.jpg,n02093256-Staffordshire_bullterrier,n02107312-miniature_pinscher,train,train,9,22,False,False,False,False,train-train
n02093256-Staffordshire_bullterrier/n02093256_2557.jpg,n02107574-Greater_Swiss_Mountain_dog/n02107574_530.jpg,n02093256-Staffordshire_bullterrier,n02107574-Greater_Swiss_Mountain_dog,train,test,9,30,False,False,False,True,train-test
n02093256-Staffordshire_bullterrier/n02093256_2987.jpg,n02102480-Sussex_spaniel/n02102480_4392.jpg,n02093256-Staffordshire_bullterrier,n02102480-Sussex_spaniel,train,train,9,20,False,False,False,False,train-train
n02093256-Staffordshire_bullterrier/n02093256_8541.jpg,n02093859-Kerry_blue_terrier/n02093859_2780.jpg,n02093256-Staffordshire_bullterrier,n02093859-Kerry_blue_terrier,train,test,9,28,False,False,False,True,train-test
n02093428-American_Staffordshire_terrier/n02093428_13615.jpg,n02093991-Irish_terrier/n02093991_2126.jpg,n02093428-American_Staffordshire_terrier,n02093991-Irish_terrier,train,test,9,26,False,False,False,True,train-test
n02093428-American_Staffordshire_terrier/n02093428_17557.jpg,n02094258-Norwich_terrier/n02094258_3197.jpg,n02093428-American_Staffordshire_terrier,n02094258-Norwich_terrier,val,test,9,22,False,False,False,True,val-test
n02093428-American_Staffordshire_terrier/n02093428_17557.jpg,n02100236-German_short-haired_pointer/n02100236_5735.jpg,n02093428-American_Staffordshire_terrier,n02100236-German_short-haired_pointer,val,val,9,24,False,False,False,False,val-val
n02093428-American_Staffordshire_terrier/n02093428_17557.jpg,n02109047-Great_Dane/n02109047_12467.jpg,n02093428-American_Staffordshire_terrier,n02109047-Great_Dane,val,val,9,22,False,False,False,False,val-val
n02093428-American_Staffordshire_terrier/n02093428_17557.jpg,n02109525-Saint_Bernard/n02109525_2008.jpg,n02093428-American_Staffordshire_terrier,n02109525-Saint_Bernard,val,train,9,28,False,False,False,True,train-val
n02093428-American_Staffordshire_terrier/n02093428_17557.jpg,n02111500-Great_Pyrenees/n02111500_9116.jpg,n02093428-American_Staffordshire_terrier,n02111500-Great_Pyrenees,val,train,9,24,False,False,False,True,train-val
n02093428-American_Staffordshire_terrier/n02093428_17557.jpg,n02111889-Samoyed/n02111889_1374.jpg,n02093428-American_Staffordshire_terrier,n02111889-Samoyed,val,train,9,28,False,False,False,True,train-val
n02093647-Bedlington_terrier/n02093647_1201.jpg,n02104029-kuvasz/n02104029_235.jpg,n02093647-Bedlington_terrier,n02104029-kuvasz,train,test,9,14,False,False,False,True,train-test
n02093647-Bedlington_terrier/n02093647_1338.jpg,n02096177-cairn/n02096177_2935.jpg,n02093647-Bedlington_terrier,n02096177-cairn,train,train,9,24,False,False,False,False,train-train
n02093647-Bedlington_terrier/n02093647_2427.jpg,n02111889-Samoyed/n02111889_16090.jpg,n02093647-Bedlington_terrier,n02111889-Samoyed,train,test,9,28,False,False,False,True,train-test
n02093754-Border_terrier/n02093754_3176.jpg,n02111500-Great_Pyrenees/n02111500_1576.jpg,n02093754-Border_terrier,n02111500-Great_Pyrenees,test,train,9,30,False,False,False,True,train-test
n02093754-Border_terrier/n02093754_3176.jpg,n02112350-keeshond/n02112350_6007.jpg,n02093754-Border_terrier,n02112350-keeshond,test,train,9,30,False,False,False,True,train-test
n02093754-Border_terrier/n02093754_5891.jpg,n02094114-Norfolk_terrier/n02094114_1637.jpg,n02093754-Border_terrier,n02094114-Norfolk_terrier,train,train,9,30,False,False,False,False,train-train
n02093754-Border_terrier/n02093754_5891.jpg,n02098413-Lhasa/n02098413_1473.jpg,n02093754-Border_terrier,n02098413-Lhasa,train,train,9,28,False,False,False,False,train-train
n02093754-Border_terrier/n02093754_5891.jpg,n02111500-Great_Pyrenees/n02111500_6401.jpg,n02093754-Border_terrier,n02111500-Great_Pyrenees,train,train,9,28,False,False,False,False,train-train
n02093859-Kerry_blue_terrier/n02093859_1213.jpg,n02093859-Kerry_blue_terrier/n02093859_2579.jpg,n02093859-Kerry_blue_terrier,n02093859-Kerry_blue_terrier,train,train,9,18,False,False,True,False,train-train
n02093859-Kerry_blue_terrier/n02093859_1397.jpg,n02093859-Kerry_blue_terrier/n02093859_3258.jpg,n02093859-Kerry_blue_terrier,n02093859-Kerry_blue_terrier,train,train,9,6,False,False,True,False,train-train
n02093859-Kerry_blue_terrier/n02093859_2030.jpg,n02093859-Kerry_blue_terrier/n02093859_806.jpg,n02093859-Kerry_blue_terrier,n02093859-Kerry_blue_terrier,train,train,9,8,False,False,True,False,train-train
n02093859-Kerry_blue_terrier/n02093859_2055.jpg,n02098413-Lhasa/n02098413_17759.jpg,n02093859-Kerry_blue_terrier,n02098413-Lhasa,test,train,9,26,False,False,False,True,train-test
n02093859-Kerry_blue_terrier/n02093859_855.jpg,n02093859-Kerry_blue_terrier/n02093859_913.jpg,n02093859-Kerry_blue_terrier,n02093859-Kerry_blue_terrier,val,train,9,10,False,False,True,True,train-val
n02093991-Irish_terrier/n02093991_913.jpg,n02113186-Cardigan/n02113186_741.jpg,n02093991-Irish_terrier,n02113186-Cardigan,train,test,9,22,False,False,False,True,train-test
n02094114-Norfolk_terrier/n02094114_2691.jpg,n02094258-Norwich_terrier/n02094258_928.jpg,n02094114-Norfolk_terrier,n02094258-Norwich_terrier,test,train,9,28,False,False,False,True,train-test
n02094114-Norfolk_terrier/n02094114_2691.jpg,n02108089-boxer/n02108089_5043.jpg,n02094114-Norfolk_terrier,n02108089-boxer,test,train,9,36,False,False,False,True,train-test
n02094114-Norfolk_terrier/n02094114_2691.jpg,n02110958-pug/n02110958_12224.jpg,n02094114-Norfolk_terrier,n02110958-pug,test,train,9,26,False,False,False,True,train-test
n02094114-Norfolk_terrier/n02094114_2706.jpg,n02094114-Norfolk_terrier/n02094114_2785.jpg,n02094114-Norfolk_terrier,n02094114-Norfolk_terrier,train,train,9,28,False,False,True,False,train-train
n02094114-Norfolk_terrier/n02094114_2706.jpg,n02111889-Samoyed/n02111889_1374.jpg,n02094114-Norfolk_terrier,n02111889-Samoyed,train,train,9,28,False,False,False,False,train-train
n02094114-Norfolk_terrier/n02094114_3172.jpg,n02094114-Norfolk_terrier/n02094114_754.jpg,n02094114-Norfolk_terrier,n02094114-Norfolk_terrier,train,train,9,8,False,False,True,False,train-train
n02094258-Norwich_terrier/n02094258_1704.jpg,n02113978-Mexican_hairless/n02113978_697.jpg,n02094258-Norwich_terrier,n02113978-Mexican_hairless,train,train,9,26,False,False,False,False,train-train
n02094258-Norwich_terrier/n02094258_1840.jpg,n02094258-Norwich_terrier/n02094258_2801.jpg,n02094258-Norwich_terrier,n02094258-Norwich_terrier,train,train,9,26,False,False,True,False,train-train
n02094258-Norwich_terrier/n02094258_1840.jpg,n02100735-English_setter/n02100735_7075.jpg,n02094258-Norwich_terrier,n02100735-English_setter,train,train,9,18,False,False,False,False,train-train
n02094258-Norwich_terrier/n02094258_1840.jpg,n02110806-basenji/n02110806_4051.jpg,n02094258-Norwich_terrier,n02110806-basenji,train,test,9,30,False,False,False,True,train-test
n02094258-Norwich_terrier/n02094258_1840.jpg,n02110958-pug/n02110958_16217.jpg,n02094258-Norwich_terrier,n02110958-pug,train,test,9,26,False,False,False,True,train-test
n02094258-Norwich_terrier/n02094258_2801.jpg,n02113624-toy_poodle/n02113624_8943.jpg,n02094258-Norwich_terrier,n02113624-toy_poodle,train,train,9,30,False,False,False,False,train-train
n02094258-Norwich_terrier/n02094258_3197.jpg,n02112018-Pomeranian/n02112018_2896.jpg,n02094258-Norwich_terrier,n02112018-Pomeranian,test,train,9,32,False,False,False,True,train-test
n02094433-Yorkshire_terrier/n02094433_2349.jpg,n02096177-cairn/n02096177_11605.jpg,n02094433-Yorkshire_terrier,n02096177-cairn,train,train,9,14,False,False,False,False,train-train
n02094433-Yorkshire_terrier/n02094433_5384.jpg,n02107312-miniature_pinscher/n02107312_4750.jpg,n02094433-Yorkshire_terrier,n02107312-miniature_pinscher,val,test,9,24,False,False,False,True,val-test
n02094433-Yorkshire_terrier/n02094433_8669.jpg,n02112018-Pomeranian/n02112018_2896.jpg,n02094433-Yorkshire_terrier,n02112018-Pomeranian,train,train,9,22,False,False,False,False,train-train
n02095314-wire-haired_fox_terrier/n02095314_1717.jpg,n02105505-komondor/n02105505_1383.jpg,n02095314-wire-haired_fox_terrier,n02105505-komondor,train,train,9,28,False,False,False,False,train-train
n02095314-wire-haired_fox_terrier/n02095314_1917.jpg,n02097047-miniature_schnauzer/n02097047_6503.jpg,n02095314-wire-haired_fox_terrier,n02097047-miniature_schnauzer,train,test,9,28,False,False,False,True,train-test
n02095314-wire-haired_fox_terrier/n02095314_1969.jpg,n02105505-komondor/n02105505_43.jpg,n02095314-wire-haired_fox_terrier,n02105505-komondor,train,train,9,30,False,False,False,False,train-train
n02095314-wire-haired_fox_terrier/n02095314_2198.jpg,n02113799-standard_poodle/n02113799_6715.jpg,n02095314-wire-haired_fox_terrier,n02113799-standard_poodle,train,train,9,32,False,False,False,False,train-train
n02095570-Lakeland_terrier/n02095570_1149.jpg,n02095570-Lakeland_terrier/n02095570_539.jpg,n02095570-Lakeland_terrier,n02095570-Lakeland_terrier,test,train,9,10,False,False,True,True,train-test
n02095570-Lakeland_terrier/n02095570_1461.jpg,n02105641-Old_English_sheepdog/n02105641_8576.jpg,n02095570-Lakeland_terrier,n02105641-Old_English_sheepdog,train,test,9,22,False,False,False,True,train-test
n02095570-Lakeland_terrier/n02095570_199.jpg,n02111129-Leonberg/n02111129_1501.jpg,n02095570-Lakeland_terrier,n02111129-Leonberg,train,train,9,30,False,False,False,False,train-train
n02095570-Lakeland_terrier/n02095570_3132.jpg,n02095570-Lakeland_terrier/n02095570_5800.jpg,n02095570-Lakeland_terrier,n02095570-Lakeland_terrier,test,train,9,14,False,False,True,True,train-test
n02095570-Lakeland_terrier/n02095570_4626.jpg,n02095570-Lakeland_terrier/n02095570_4985.jpg,n02095570-Lakeland_terrier,n02095570-Lakeland_terrier,train,train,9,26,False,False,True,False,train-train
n02095570-Lakeland_terrier/n02095570_4985.jpg,n02098286-West_Highland_white_terrier/n02098286_2173.jpg,n02095570-Lakeland_terrier,n02098286-West_Highland_white_terrier,train,train,9,24,False,False,False,False,train-train
n02095889-Sealyham_terrier/n02095889_1328.jpg,n02109047-Great_Dane/n02109047_7156.jpg,n02095889-Sealyham_terrier,n02109047-Great_Dane,val,test,9,22,False,False,False,True,val-test
n02095889-Sealyham_terrier/n02095889_4432.jpg,n02113799-standard_poodle/n02113799_1976.jpg,n02095889-Sealyham_terrier,n02113799-standard_poodle,val,train,9,24,False,False,False,True,train-val
n02096051-Airedale/n02096051_3863.jpg,n02105056-groenendael/n02105056_6827.jpg,n02096051-Airedale,n02105056-groenendael,train,train,9,26,False,False,False,False,train-train
n02096051-Airedale/n02096051_9427.jpg,n02110806-basenji/n02110806_2580.jpg,n02096051-Airedale,n02110806-basenji,train,train,9,28,False,False,False,False,train-train
n02096177-cairn/n02096177_2935.jpg,n02096585-Boston_bull/n02096585_1172.jpg,n02096177-cairn,n02096585-Boston_bull,train,train,9,28,False,False,False,False,train-train
n02096177-cairn/n02096177_4520.jpg,n02105056-groenendael/n02105056_6827.jpg,n02096177-cairn,n02105056-groenendael,val,train,9,16,False,False,False,True,train-val
n02096177-cairn/n02096177_4801.jpg,n02115913-dhole/n02115913_1060.jpg,n02096177-cairn,n02115913-dhole,train,val,9,22,False,False,False,True,train-val
n02096177-cairn/n02096177_790.jpg,n02101006-Gordon_setter/n02101006_3450.jpg,n02096177-cairn,n02101006-Gordon_setter,test,test,9,16,False,False,False,False,test-test
n02096294-Australian_terrier/n02096294_2920.jpg,n02110958-pug/n02110958_14179.jpg,n02096294-Australian_terrier,n02110958-pug,train,test,9,28,False,False,False,True,train-test
n02096294-Australian_terrier/n02096294_484.jpg,n02099601-golden_retriever/n02099601_8429.jpg,n02096294-Australian_terrier,n02099601-golden_retriever,train,train,9,24,False,False,False,False,train-train
n02096585-Boston_bull/n02096585_1172.jpg,n02098105-soft-coated_wheaten_terrier/n02098105_257.jpg,n02096585-Boston_bull,n02098105-soft-coated_wheaten_terrier,train,test,9,30,False,False,False,True,train-test
n02096585-Boston_bull/n02096585_1172.jpg,n02112018-Pomeranian/n02112018_2691.jpg,n02096585-Boston_bull,n02112018-Pomeranian,train,val,9,28,False,False,False,True,train-val
n02096585-Boston_bull/n02096585_4774.jpg,n02113799-standard_poodle/n02113799_1976.jpg,n02096585-Boston_bull,n02113799-standard_poodle,train,train,9,30,False,False,False,False,train-train
n02097130-giant_schnauzer/n02097130_2416.jpg,n02105056-groenendael/n02105056_1050.jpg,n02097130-giant_schnauzer,n02105056-groenendael,test,val,9,24,False,False,False,True,val-test
n02097130-giant_schnauzer/n02097130_2821.jpg,n02105056-groenendael/n02105056_2678.jpg,n02097130-giant_schnauzer,n02105056-groenendael,train,val,9,20,False,False,False,True,train-val
n02097130-giant_schnauzer/n02097130_3005.jpg,n02097130-giant_schnauzer/n02097130_4060.jpg,n02097130-giant_schnauzer,n02097130-giant_schnauzer,train,test,9,24,False,False,True,True,train-test
n02097209-standard_schnauzer/n02097209_2382.jpg,n02104365-schipperke/n02104365_7629.jpg,n02097209-standard_schnauzer,n02104365-schipperke,train,test,9,22,False,False,False,True,train-test
n02097209-standard_schnauzer/n02097209_2382.jpg,n02112350-keeshond/n02112350_7445.jpg,n02097209-standard_schnauzer,n02112350-keeshond,train,val,9,28,False,False,False,True,train-val
n02097298-Scotch_terrier/n02097298_8178.jpg,n02113978-Mexican_hairless/n02113978_1482.jpg,n02097298-Scotch_terrier,n02113978-Mexican_hairless,train,test,9,16,False,False,False,True,train-test
n02097298-Scotch_terrier/n02097298_9721.jpg,n02097474-Tibetan_terrier/n02097474_6280.jpg,n02097298-Scotch_terrier,n02097474-Tibetan_terrier,test,train,9,30,False,False,False,True,train-test
n02097298-Scotch_terrier/n02097298_9721.jpg,n02110958-pug/n02110958_14179.jpg,n02097298-Scotch_terrier,n02110958-pug,test,test,9,28,False,False,False,False,test-test
n02097298-Scotch_terrier/n02097298_9721.jpg,n02113624-toy_poodle/n02113624_3864.jpg,n02097298-Scotch_terrier,n02113624-toy_poodle,test,train,9,28,False,False,False,True,train-test
n02097298-Scotch_terrier/n02097298_9721.jpg,n02113624-toy_poodle/n02113624_8943.jpg,n02097298-Scotch_terrier,n02113624-toy_poodle,test,train,9,26,False,False,False,True,train-test
n02097474-Tibetan_terrier/n02097474_1095.jpg,n02099601-golden_retriever/n02099601_1633.jpg,n02097474-Tibetan_terrier,n02099601-golden_retriever,val,train,9,26,False,False,False,True,train-val
n02097474-Tibetan_terrier/n02097474_5662.jpg,n02113799-standard_poodle/n02113799_333.jpg,n02097474-Tibetan_terrier,n02113799-standard_poodle,train,train,9,24,False,False,False,False,train-train
n02097474-Tibetan_terrier/n02097474_6051.jpg,n02099267-flat-coated_retriever/n02099267_1753.jpg,n02097474-Tibetan_terrier,n02099267-flat-coated_retriever,train,train,9,24,False,False,False,False,train-train
n02097474-Tibetan_terrier/n02097474_6280.jpg,n02102318-cocker_spaniel/n02102318_10218.jpg,n02097474-Tibetan_terrier,n02102318-cocker_spaniel,train,val,9,28,False,False,False,True,train-val
n02097474-Tibetan_terrier/n02097474_6280.jpg,n02105056-groenendael/n02105056_6827.jpg,n02097474-Tibetan_terrier,n02105056-groenendael,train,train,9,32,False,False,False,False,train-train
n02097658-silky_terrier/n02097658_3571.jpg,n02102318-cocker_spaniel/n02102318_3121.jpg,n02097658-silky_terrier,n02102318-cocker_spaniel,val,train,9,28,False,False,False,True,train-val
n02098105-soft-coated_wheaten_terrier/n02098105_2031.jpg,n02105855-Shetland_sheepdog/n02105855_4897.jpg,n02098105-soft-coated_wheaten_terrier,n02105855-Shetland_sheepdog,train,test,9,30,False,False,False,True,train-test
n02098105-soft-coated_wheaten_terrier/n02098105_2297.jpg,n02111277-Newfoundland/n02111277_3456.jpg,n02098105-soft-coated_wheaten_terrier,n02111277-Newfoundland,train,train,9,24,False,False,False,False,train-train
n02098105-soft-coated_wheaten_terrier/n02098105_4005.jpg,n02109047-Great_Dane/n02109047_12467.jpg,n02098105-soft-coated_wheaten_terrier,n02109047-Great_Dane,test,val,9,28,False,False,False,True,val-test
n02098105-soft-coated_wheaten_terrier/n02098105_911.jpg,n02099267-flat-coated_retriever/n02099267_5551.jpg,n02098105-soft-coated_wheaten_terrier,n02099267-flat-coated_retriever,train,train,9,26,False,False,False,False,train-train
n02098286-West_Highland_white_terrier/n02098286_4231.jpg,n02110806-basenji/n02110806_5660.jpg,n02098286-West_Highland_white_terrier,n02110806-basenji,val,test,9,30,False,False,False,True,val-test
n02098286-West_Highland_white_terrier/n02098286_516.jpg,n02098413-Lhasa/n02098413_4926.jpg,n02098286-West_Highland_white_terrier,n02098413-Lhasa,train,val,9,20,False,False,False,True,train-val
n02098286-West_Highland_white_terrier/n02098286_6041.jpg,n02105641-Old_English_sheepdog/n02105641_6735.jpg,n02098286-West_Highland_white_terrier,n02105641-Old_English_sheepdog,train,test,9,26,False,False,False,True,train-test
n02098286-West_Highland_white_terrier/n02098286_617.jpg,n02099601-golden_retriever/n02099601_109.jpg,n02098286-West_Highland_white_terrier,n02099601-golden_retriever,train,train,9,26,False,False,False,False,train-train
n02098286-West_Highland_white_terrier/n02098286_617.jpg,n02111129-Leonberg/n02111129_4001.jpg,n02098286-West_Highland_white_terrier,n02111129-Leonberg,train,train,9,22,False,False,False,False,train-train
n02098286-West_Highland_white_terrier/n02098286_617.jpg,n02115913-dhole/n02115913_1060.jpg,n02098286-West_Highland_white_terrier,n02115913-dhole,train,val,9,26,False,False,False,True,train-val
n02098286-West_Highland_white_terrier/n02098286_751.jpg,n02100236-German_short-haired_pointer/n02100236_5735.jpg,n02098286-West_Highland_white_terrier,n02100236-German_short-haired_pointer,val,val,9,26,False,False,False,False,val-val
n02098413-Lhasa/n02098413_1473.jpg,n02099601-golden_retriever/n02099601_1454.jpg,n02098413-Lhasa,n02099601-golden_retriever,train,train,9,38,False,False,False,False,train-train
n02098413-Lhasa/n02098413_1473.jpg,n02102177-Welsh_springer_spaniel/n02102177_3032.jpg,n02098413-Lhasa,n02102177-Welsh_springer_spaniel,train,test,9,28,False,False,False,True,train-test
n02098413-Lhasa/n02098413_17759.jpg,n02110185-Siberian_husky/n02110185_1289.jpg,n02098413-Lhasa,n02110185-Siberian_husky,train,train,9,26,False,False,False,False,train-train
n02098413-Lhasa/n02098413_17759.jpg,n02111500-Great_Pyrenees/n02111500_9116.jpg,n02098413-Lhasa,n02111500-Great_Pyrenees,train,train,9,28,False,False,False,False,train-train
n02098413-Lhasa/n02098413_21040.jpg,n02106550-Rottweiler/n02106550_10709.jpg,n02098413-Lhasa,n02106550-Rottweiler,train,train,9,28,False,False,False,False,train-train
n02099267-flat-coated_retriever/n02099267_2375.jpg,n02104365-schipperke/n02104365_2031.jpg,n02099267-flat-coated_retriever,n02104365-schipperke,train,train,9,28,False,False,False,False,train-train
n02099267-flat-coated_retriever/n02099267_5745.jpg,n02104365-schipperke/n02104365_7377.jpg,n02099267-flat-coated_retriever,n02104365-schipperke,train,train,9,26,False,False,False,False,train-train
n02099267-flat-coated_retriever/n02099267_5745.jpg,n02107683-Bernese_mountain_dog/n02107683_4788.jpg,n02099267-flat-coated_retriever,n02107683-Bernese_mountain_dog,train,train,9,22,False,False,False,False,train-train
n02099429-curly-coated_retriever/n02099429_2263.jpg,n02099712-Labrador_retriever/n02099712_8719.jpg,n02099429-curly-coated_retriever,n02099712-Labrador_retriever,train,train,9,24,False,False,False,False,train-train
n02099429-curly-coated_retriever/n02099429_2393.jpg,n02099712-Labrador_retriever/n02099712_1660.jpg,n02099429-curly-coated_retriever,n02099712-Labrador_retriever,train,train,9,24,False,False,False,False,train-train
n02099429-curly-coated_retriever/n02099429_273.jpg,n02102177-Welsh_springer_spaniel/n02102177_715.jpg,n02099429-curly-coated_retriever,n02102177-Welsh_springer_spaniel,train,train,9,34,False,False,False,False,train-train
n02099429-curly-coated_retriever/n02099429_3513.jpg,n02099712-Labrador_retriever/n02099712_8719.jpg,n02099429-curly-coated_retriever,n02099712-Labrador_retriever,train,train,9,24,False,False,False,False,train-train
n02099601-golden_retriever/n02099601_1454.jpg,n02108422-bull_mastiff/n02108422_3086.jpg,n02099601-golden_retriever,n02108422-bull_mastiff,train,train,9,34,False,False,False,False,train-train
n02099601-golden_retriever/n02099601_2029.jpg,n02107312-miniature_pinscher/n02107312_254.jpg,n02099601-golden_retriever,n02107312-miniature_pinscher,train,train,9,22,False,False,False,False,train-train
n02099601-golden_retriever/n02099601_3508.jpg,n02108000-EntleBucher/n02108000_3594.jpg,n02099601-golden_retriever,n02108000-EntleBucher,train,train,9,26,False,False,False,False,train-train
n02099712-Labrador_retriever/n02099712_1941.jpg,n02107312-miniature_pinscher/n02107312_254.jpg,n02099712-Labrador_retriever,n02107312-miniature_pinscher,train,train,9,22,False,False,False,False,train-train
n02099712-Labrador_retriever/n02099712_3430.jpg,n02101006-Gordon_setter/n02101006_2613.jpg,n02099712-Labrador_retriever,n02101006-Gordon_setter,train,train,9,20,False,False,False,False,train-train
n02099712-Labrador_retriever/n02099712_5941.jpg,n02112018-Pomeranian/n02112018_4148.jpg,n02099712-Labrador_retriever,n02112018-Pomeranian,train,test,9,30,False,False,False,True,train-test
n02099712-Labrador_retriever/n02099712_6232.jpg,n02106662-German_shepherd/n02106662_3953.jpg,n02099712-Labrador_retriever,n02106662-German_shepherd,val,train,9,30,False,False,False,True,train-val
n02099712-Labrador_retriever/n02099712_6446.jpg,n02108551-Tibetan_mastiff/n02108551_3737.jpg,n02099712-Labrador_retriever,n02108551-Tibetan_mastiff,val,val,9,24,False,False,False,False,val-val
n02099712-Labrador_retriever/n02099712_719.jpg,n02099849-Chesapeake_Bay_retriever/n02099849_2965.jpg,n02099712-Labrador_retriever,n02099849-Chesapeake_Bay_retriever,train,val,9,24,False,False,False,True,train-val
n02099712-Labrador_retriever/n02099712_8014.jpg,n02109961-Eskimo_dog/n02109961_19358.jpg,n02099712-Labrador_retriever,n02109961-Eskimo_dog,test,train,9,24,False,False,False,True,train-test
n02099849-Chesapeake_Bay_retriever/n02099849_1310.jpg,n02115913-dhole/n02115913_1060.jpg,n02099849-Chesapeake_Bay_retriever,n02115913-dhole,train,val,9,24,False,False,False,True,train-val
n02100583-vizsla/n02100583_11143.jpg,n02111889-Samoyed/n02111889_16090.jpg,n02100583-vizsla,n02111889-Samoyed,train,test,9,32,False,False,False,True,train-test
n02100583-vizsla/n02100583_3274.jpg,n02102177-Welsh_springer_spaniel/n02102177_3032.jpg,n02100583-vizsla,n02102177-Welsh_springer_spaniel,train,test,9,24,False,False,False,True,train-test
n02100583-vizsla/n02100583_3274.jpg,n02115913-dhole/n02115913_1060.jpg,n02100583-vizsla,n02115913-dhole,train,val,9,24,False,False,False,True,train-val
n02100583-vizsla/n02100583_3944.jpg,n02104029-kuvasz/n02104029_4800.jpg,n02100583-vizsla,n02104029-kuvasz,test,train,9,28,False,False,False,True,train-test
n02100735-English_setter/n02100735_4813.jpg,n02105056-groenendael/n02105056_6827.jpg,n02100735-English_setter,n02105056-groenendael,train,train,9,32,False,False,False,False,train-train
n02100877-Irish_setter/n02100877_6747.jpg,n02113624-toy_poodle/n02113624_3864.jpg,n02100877-Irish_setter,n02113624-toy_poodle,train,train,9,26,False,False,False,False,train-train
n02101006-Gordon_setter/n02101006_1814.jpg,n02108551-Tibetan_mastiff/n02108551_5682.jpg,n02101006-Gordon_setter,n02108551-Tibetan_mastiff,train,train,9,28,False,False,False,False,train-train
n02101006-Gordon_setter/n02101006_3103.jpg,n02102318-cocker_spaniel/n02102318_10218.jpg,n02101006-Gordon_setter,n02102318-cocker_spaniel,test,val,9,24,False,False,False,True,val-test
n02102177-Welsh_springer_spaniel/n02102177_1998.jpg,n02112137-chow/n02112137_5114.jpg,n02102177-Welsh_springer_spaniel,n02112137-chow,val,train,9,24,False,False,False,True,train-val
n02102177-Welsh_springer_spaniel/n02102177_3032.jpg,n02108422-bull_mastiff/n02108422_3086.jpg,n02102177-Welsh_springer_spaniel,n02108422-bull_mastiff,test,train,9,26,False,False,False,True,train-test
n02102177-Welsh_springer_spaniel/n02102177_3032.jpg,n02111500-Great_Pyrenees/n02111500_6401.jpg,n02102177-Welsh_springer_spaniel,n02111500-Great_Pyrenees,test,train,9,26,False,False,False,True,train-test
n02102177-Welsh_springer_spaniel/n02102177_3032.jpg,n02111889-Samoyed/n02111889_5680.jpg,n02102177-Welsh_springer_spaniel,n02111889-Samoyed,test,train,9,26,False,False,False,True,train-test
n02102177-Welsh_springer_spaniel/n02102177_715.jpg,n02102318-cocker_spaniel/n02102318_10218.jpg,n02102177-Welsh_springer_spaniel,n02102318-cocker_spaniel,train,val,9,26,False,False,False,True,train-val
n02102318-cocker_spaniel/n02102318_10218.jpg,n02105162-malinois/n02105162_7636.jpg,n02102318-cocker_spaniel,n02105162-malinois,val,train,9,22,False,False,False,True,train-val
n02102318-cocker_spaniel/n02102318_10218.jpg,n02113186-Cardigan/n02113186_9902.jpg,n02102318-cocker_spaniel,n02113186-Cardigan,val,train,9,28,False,False,False,True,train-val
n02102318-cocker_spaniel/n02102318_10218.jpg,n02113624-toy_poodle/n02113624_8943.jpg,n02102318-cocker_spaniel,n02113624-toy_poodle,val,train,9,26,False,False,False,True,train-val
n02102318-cocker_spaniel/n02102318_10218.jpg,n02113799-standard_poodle/n02113799_1922.jpg,n02102318-cocker_spaniel,n02113799-standard_poodle,val,train,9,24,False,False,False,True,train-val
n02102318-cocker_spaniel/n02102318_10226.jpg,n02111129-Leonberg/n02111129_1583.jpg,n02102318-cocker_spaniel,n02111129-Leonberg,train,train,9,24,False,False,False,False,train-train
n02102318-cocker_spaniel/n02102318_10483.jpg,n02110185-Siberian_husky/n02110185_3291.jpg,n02102318-cocker_spaniel,n02110185-Siberian_husky,train,train,9,30,False,False,False,False,train-train
n02102318-cocker_spaniel/n02102318_2983.jpg,n02113624-toy_poodle/n02113624_6060.jpg,n02102318-cocker_spaniel,n02113624-toy_poodle,val,train,9,26,False,False,False,True,train-val
n02102973-Irish_water_spaniel/n02102973_3642.jpg,n02110627-affenpinscher/n02110627_6991.jpg,n02102973-Irish_water_spaniel,n02110627-affenpinscher,train,train,9,20,False,False,False,False,train-train
n02104029-kuvasz/n02104029_170.jpg,n02104029-kuvasz/n02104029_4679.jpg,n02104029-kuvasz,n02104029-kuvasz,train,val,9,14,False,False,True,True,train-val
n02104029-kuvasz/n02104029_3493.jpg,n02105505-komondor/n02105505_3356.jpg,n02104029-kuvasz,n02105505-komondor,train,train,9,22,False,False,False,False,train-train
n02104029-kuvasz/n02104029_4777.jpg,n02110627-affenpinscher/n02110627_3286.jpg,n02104029-kuvasz,n02110627-affenpinscher,train,test,9,36,False,False,False,True,train-test
n02104365-schipperke/n02104365_7377.jpg,n02107683-Bernese_mountain_dog/n02107683_1282.jpg,n02104365-schipperke,n02107683-Bernese_mountain_dog,train,val,9,32,False,False,False,True,train-val
n02104365-schipperke/n02104365_7629.jpg,n02105056-groenendael/n02105056_6827.jpg,n02104365-schipperke,n02105056-groenendael,test,train,9,32,False,False,False,True,train-test
n02105056-groenendael/n02105056_6523.jpg,n02108915-French_bulldog/n02108915_10204.jpg,n02105056-groenendael,n02108915-French_bulldog,train,val,9,28,False,False,False,True,train-val
n02105056-groenendael/n02105056_6827.jpg,n02110958-pug/n02110958_12224.jpg,n02105056-groenendael,n02110958-pug,train,train,9,28,False,False,False,False,train-train
n02105056-groenendael/n02105056_6827.jpg,n02112350-keeshond/n02112350_7445.jpg,n02105056-groenendael,n02112350-keeshond,train,val,9,28,False,False,False,True,train-val
n02105056-groenendael/n02105056_6827.jpg,n02113186-Cardigan/n02113186_9902.jpg,n02105056-groenendael,n02113186-Cardigan,train,train,9,30,False,False,False,False,train-train
n02105056-groenendael/n02105056_6827.jpg,n02113624-toy_poodle/n02113624_3864.jpg,n02105056-groenendael,n02113624-toy_poodle,train,train,9,42,False,False,False,False,train-train
n02105056-groenendael/n02105056_6827.jpg,n02113712-miniature_poodle/n02113712_112.jpg,n02105056-groenendael,n02113712-miniature_poodle,train,train,9,22,False,False,False,False,train-train
n02105056-groenendael/n02105056_6827.jpg,n02113799-standard_poodle/n02113799_1922.jpg,n02105056-groenendael,n02113799-standard_poodle,train,train,9,24,False,False,False,False,train-train
n02105162-malinois/n02105162_5667.jpg,n02110063-malamute/n02110063_15332.jpg,n02105162-malinois,n02110063-malamute,train,train,9,26,False,False,False,False,train-train
n02105162-malinois/n02105162_5667.jpg,n02113186-Cardigan/n02113186_2617.jpg,n02105162-malinois,n02113186-Cardigan,train,train,9,24,False,False,False,False,train-train
n02105251-briard/n02105251_3389.jpg,n02115913-dhole/n02115913_1060.jpg,n02105251-briard,n02115913-dhole,val,val,9,34,False,False,False,False,val-val
n02105505-komondor/n02105505_3576.jpg,n02107312-miniature_pinscher/n02107312_1207.jpg,n02105505-komondor,n02107312-miniature_pinscher,train,train,9,22,False,False,False,False,train-train
n02105641-Old_English_sheepdog/n02105641_1505.jpg,n02112018-Pomeranian/n02112018_2896.jpg,n02105641-Old_English_sheepdog,n02112018-Pomeranian,val,train,9,24,False,False,False,True,train-val
n02105641-Old_English_sheepdog/n02105641_523.jpg,n02111500-Great_Pyrenees/n02111500_8610.jpg,n02105641-Old_English_sheepdog,n02111500-Great_Pyrenees,test,train,9,18,False,False,False,True,train-test
n02105641-Old_English_sheepdog/n02105641_6735.jpg,n02110185-Siberian_husky/n02110185_1289.jpg,n02105641-Old_English_sheepdog,n02110185-Siberian_husky,test,train,9,26,False,False,False,True,train-test
n02105855-Shetland_sheepdog/n02105855_1013.jpg,n02113624-toy_poodle/n02113624_3864.jpg,n02105855-Shetland_sheepdog,n02113624-toy_poodle,train,train,9,28,False,False,False,False,train-train
n02105855-Shetland_sheepdog/n02105855_4897.jpg,n02106662-German_shepherd/n02106662_3953.jpg,n02105855-Shetland_sheepdog,n02106662-German_shepherd,test,train,9,26,False,False,False,True,train-test
n02106382-Bouvier_des_Flandres/n02106382_1151.jpg,n02108915-French_bulldog/n02108915_198.jpg,n02106382-Bouvier_des_Flandres,n02108915-French_bulldog,val,train,9,36,False,False,False,True,train-val
n02106550-Rottweiler/n02106550_1323.jpg,n02110063-malamute/n02110063_566.jpg,n02106550-Rottweiler,n02110063-malamute,train,train,9,28,False,False,False,False,train-train
n02106550-Rottweiler/n02106550_2323.jpg,n02108000-EntleBucher/n02108000_1073.jpg,n02106550-Rottweiler,n02108000-EntleBucher,val,train,9,24,False,False,False,True,train-val
n02106662-German_shepherd/n02106662_13050.jpg,n02111889-Samoyed/n02111889_5932.jpg,n02106662-German_shepherd,n02111889-Samoyed,val,train,9,18,False,False,False,True,train-val
n02106662-German_shepherd/n02106662_3953.jpg,n02111277-Newfoundland/n02111277_5145.jpg,n02106662-German_shepherd,n02111277-Newfoundland,train,train,9,30,False,False,False,False,train-train
n02107312-miniature_pinscher/n02107312_254.jpg,n02112137-chow/n02112137_17733.jpg,n02107312-miniature_pinscher,n02112137-chow,train,val,9,28,False,False,False,True,train-val
n02107683-Bernese_mountain_dog/n02107683_1429.jpg,n02112137-chow/n02112137_5945.jpg,n02107683-Bernese_mountain_dog,n02112137-chow,train,test,9,24,False,False,False,True,train-test
n02108422-bull_mastiff/n02108422_3086.jpg,n02109047-Great_Dane/n02109047_12467.jpg,n02108422-bull_mastiff,n02109047-Great_Dane,train,val,9,28,False,False,False,True,train-val
n02108422-bull_mastiff/n02108422_3086.jpg,n02115913-dhole/n02115913_1060.jpg,n02108422-bull_mastiff,n02115913-dhole,train,val,9,30,False,False,False,True,train-val
n02108422-bull_mastiff/n02108422_4102.jpg,n02113023-Pembroke/n02113023_10636.jpg,n02108422-bull_mastiff,n02113023-Pembroke,val,val,9,24,False,False,False,False,val-val
n02108422-bull_mastiff/n02108422_5490.jpg,n02108422-bull_mastiff/n02108422_822.jpg,n02108422-bull_mastiff,n02108422-bull_mastiff,train,test,9,4,False,False,True,True,train-test
n02109047-Great_Dane/n02109047_12467.jpg,n02111500-Great_Pyrenees/n02111500_6401.jpg,n02109047-Great_Dane,n02111500-Great_Pyrenees,val,train,9,32,False,False,False,True,train-val
n02109047-Great_Dane/n02109047_12467.jpg,n02112018-Pomeranian/n02112018_4148.jpg,n02109047-Great_Dane,n02112018-Pomeranian,val,test,9,30,False,False,False,True,val-test
n02109047-Great_Dane/n02109047_12467.jpg,n02113624-toy_poodle/n02113624_6060.jpg,n02109047-Great_Dane,n02113624-toy_poodle,val,train,9,30,False,False,False,True,train-val
n02110185-Siberian_husky/n02110185_1289.jpg,n02110958-pug/n02110958_11825.jpg,n02110185-Siberian_husky,n02110958-pug,train,train,9,28,False,False,False,False,train-train
n02110806-basenji/n02110806_1674.jpg,n02115913-dhole/n02115913_1060.jpg,n02110806-basenji,n02115913-dhole,train,val,9,22,False,False,False,True,train-val
n02110806-basenji/n02110806_4051.jpg,n02113186-Cardigan/n02113186_9902.jpg,n02110806-basenji,n02113186-Cardigan,test,train,9,30,False,False,False,True,train-test
n02110806-basenji/n02110806_4051.jpg,n02113712-miniature_poodle/n02113712_2021.jpg,n02110806-basenji,n02113712-miniature_poodle,test,train,9,22,False,False,False,True,train-test
n02110806-basenji/n02110806_4051.jpg,n02115641-dingo/n02115641_1940.jpg,n02110806-basenji,n02115641-dingo,test,train,9,28,False,False,False,True,train-test
n02110958-pug/n02110958_14179.jpg,n02113712-miniature_poodle/n02113712_3272.jpg,n02110958-pug,n02113712-miniature_poodle,test,train,9,24,False,False,False,True,train-test
n02111129-Leonberg/n02111129_4677.jpg,n02112018-Pomeranian/n02112018_6190.jpg,n02111129-Leonberg,n02112018-Pomeranian,train,test,9,30,False,False,False,True,train-test
n02111277-Newfoundland/n02111277_14330.jpg,n02113978-Mexican_hairless/n02113978_2606.jpg,n02111277-Newfoundland,n02113978-Mexican_hairless,val,train,9,16,False,False,False,True,train-val
n02111500-Great_Pyrenees/n02111500_2863.jpg,n02111500-Great_Pyrenees/n02111500_3548.jpg,n02111500-Great_Pyrenees,n02111500-Great_Pyrenees,train,train,9,12,False,False,True,False,train-train
n02111500-Great_Pyrenees/n02111500_5618.jpg,n02111889-Samoyed/n02111889_4142.jpg,n02111500-Great_Pyrenees,n02111889-Samoyed,val,train,9,32,False,False,False,True,train-val
n02111500-Great_Pyrenees/n02111500_9116.jpg,n02112018-Pomeranian/n02112018_6121.jpg,n02111500-Great_Pyrenees,n02112018-Pomeranian,train,train,9,30,False,False,False,False,train-train
n02111500-Great_Pyrenees/n02111500_9116.jpg,n02113624-toy_poodle/n02113624_6060.jpg,n02111500-Great_Pyrenees,n02113624-toy_poodle,train,train,9,32,False,False,False,False,train-train
n02112018-Pomeranian/n02112018_2896.jpg,n02112018-Pomeranian/n02112018_3494.jpg,n02112018-Pomeranian,n02112018-Pomeranian,train,val,9,26,False,False,True,True,train-val
n02112018-Pomeranian/n02112018_2896.jpg,n02112137-chow/n02112137_3706.jpg,n02112018-Pomeranian,n02112137-chow,train,train,9,28,False,False,False,False,train-train
n02112018-Pomeranian/n02112018_6121.jpg,n02112137-chow/n02112137_16777.jpg,n02112018-Pomeranian,n02112137-chow,train,val,9,26,False,False,False,True,train-val
n02112018-Pomeranian/n02112018_6121.jpg,n02112137-chow/n02112137_3706.jpg,n02112018-Pomeranian,n02112137-chow,train,train,9,26,False,False,False,False,train-train
n02112018-Pomeranian/n02112018_6121.jpg,n02113799-standard_poodle/n02113799_5986.jpg,n02112018-Pomeranian,n02113799-standard_poodle,train,train,9,26,False,False,False,False,train-train
n02112018-Pomeranian/n02112018_6121.jpg,n02115913-dhole/n02115913_1060.jpg,n02112018-Pomeranian,n02115913-dhole,train,val,9,24,False,False,False,True,train-val
n02112137-chow/n02112137_17733.jpg,n02113624-toy_poodle/n02113624_3864.jpg,n02112137-chow,n02113624-toy_poodle,val,train,9,30,False,False,False,True,train-val
n02112350-keeshond/n02112350_7733.jpg,n02112350-keeshond/n02112350_9232.jpg,n02112350-keeshond,n02112350-keeshond,train,train,9,10,False,False,True,False,train-train
n02113023-Pembroke/n02113023_292.jpg,n02115913-dhole/n02115913_38.jpg,n02113023-Pembroke,n02115913-dhole,train,train,9,26,False,False,False,False,train-train
n02113186-Cardigan/n02113186_4976.jpg,n02113799-standard_poodle/n02113799_6704.jpg,n02113186-Cardigan,n02113799-standard_poodle,train,train,9,30,False,False,False,False,train-train
n02085620-Chihuahua/n02085620_1205.jpg,n02094258-Norwich_terrier/n02094258_3197.jpg,n02085620-Chihuahua,n02094258-Norwich_terrier,train,test,10,24,False,False,False,True,train-test
n02085620-Chihuahua/n02085620_13151.jpg,n02105056-groenendael/n02105056_6827.jpg,n02085620-Chihuahua,n02105056-groenendael,train,train,10,24,False,False,False,False,train-train
n02085620-Chihuahua/n02085620_1816.jpg,n02108551-Tibetan_mastiff/n02108551_734.jpg,n02085620-Chihuahua,n02108551-Tibetan_mastiff,train,train,10,26,False,False,False,False,train-train
n02085620-Chihuahua/n02085620_2204.jpg,n02088238-basset/n02088238_9717.jpg,n02085620-Chihuahua,n02088238-basset,val,train,10,26,False,False,False,True,train-val
n02085620-Chihuahua/n02085620_2204.jpg,n02093647-Bedlington_terrier/n02093647_2427.jpg,n02085620-Chihuahua,n02093647-Bedlington_terrier,val,train,10,32,False,False,False,True,train-val
n02085620-Chihuahua/n02085620_2204.jpg,n02096585-Boston_bull/n02096585_1172.jpg,n02085620-Chihuahua,n02096585-Boston_bull,val,train,10,24,False,False,False,True,train-val
n02085620-Chihuahua/n02085620_2204.jpg,n02098413-Lhasa/n02098413_17759.jpg,n02085620-Chihuahua,n02098413-Lhasa,val,train,10,32,False,False,False,True,train-val
n02085620-Chihuahua/n02085620_2204.jpg,n02112018-Pomeranian/n02112018_2896.jpg,n02085620-Chihuahua,n02112018-Pomeranian,val,train,10,40,False,False,False,True,train-val
n02085620-Chihuahua/n02085620_2204.jpg,n02113624-toy_poodle/n02113624_6060.jpg,n02085620-Chihuahua,n02113624-toy_poodle,val,train,10,24,False,False,False,True,train-val
n02085620-Chihuahua/n02085620_3651.jpg,n02105855-Shetland_sheepdog/n02105855_13071.jpg,n02085620-Chihuahua,n02105855-Shetland_sheepdog,val,train,10,24,False,False,False,True,train-val
n02085620-Chihuahua/n02085620_4875.jpg,n02099601-golden_retriever/n02099601_3360.jpg,n02085620-Chihuahua,n02099601-golden_retriever,test,train,10,22,False,False,False,True,train-test
n02085620-Chihuahua/n02085620_5713.jpg,n02099267-flat-coated_retriever/n02099267_5745.jpg,n02085620-Chihuahua,n02099267-flat-coated_retriever,train,train,10,22,False,False,False,False,train-train
n02085620-Chihuahua/n02085620_574.jpg,n02108089-boxer/n02108089_1511.jpg,n02085620-Chihuahua,n02108089-boxer,train,train,10,22,False,False,False,False,train-train
n02085620-Chihuahua/n02085620_7440.jpg,n02096177-cairn/n02096177_4801.jpg,n02085620-Chihuahua,n02096177-cairn,train,train,10,26,False,False,False,False,train-train
n02085620-Chihuahua/n02085620_7440.jpg,n02113186-Cardigan/n02113186_9902.jpg,n02085620-Chihuahua,n02113186-Cardigan,train,train,10,26,False,False,False,False,train-train
n02085620-Chihuahua/n02085620_8636.jpg,n02090721-Irish_wolfhound/n02090721_1085.jpg,n02085620-Chihuahua,n02090721-Irish_wolfhound,train,val,10,28,False,False,False,True,train-val
n02085620-Chihuahua/n02085620_9357.jpg,n02094258-Norwich_terrier/n02094258_928.jpg,n02085620-Chihuahua,n02094258-Norwich_terrier,val,train,10,32,False,False,False,True,train-val
n02085620-Chihuahua/n02085620_9357.jpg,n02096177-cairn/n02096177_4520.jpg,n02085620-Chihuahua,n02096177-cairn,val,val,10,26,False,False,False,False,val-val
n02085620-Chihuahua/n02085620_9357.jpg,n02107312-miniature_pinscher/n02107312_254.jpg,n02085620-Chihuahua,n02107312-miniature_pinscher,val,train,10,32,False,False,False,True,train-val
n02085620-Chihuahua/n02085620_9357.jpg,n02109047-Great_Dane/n02109047_11178.jpg,n02085620-Chihuahua,n02109047-Great_Dane,val,test,10,24,False,False,False,True,val-test
n02085782-Japanese_spaniel/n02085782_1059.jpg,n02085936-Maltese_dog/n02085936_3326.jpg,n02085782-Japanese_spaniel,n02085936-Maltese_dog,train,train,10,32,False,False,False,False,train-train
n02085782-Japanese_spaniel/n02085782_1059.jpg,n02093428-American_Staffordshire_terrier/n02093428_17557.jpg,n02085782-Japanese_spaniel,n02093428-American_Staffordshire_terrier,train,val,10,26,False,False,False,True,train-val
n02085782-Japanese_spaniel/n02085782_1059.jpg,n02097047-miniature_schnauzer/n02097047_2769.jpg,n02085782-Japanese_spaniel,n02097047-miniature_schnauzer,train,train,10,28,False,False,False,False,train-train
n02085782-Japanese_spaniel/n02085782_1059.jpg,n02105641-Old_English_sheepdog/n02105641_8576.jpg,n02085782-Japanese_spaniel,n02105641-Old_English_sheepdog,train,test,10,26,False,False,False,True,train-test
n02085782-Japanese_spaniel/n02085782_1059.jpg,n02112018-Pomeranian/n02112018_2896.jpg,n02085782-Japanese_spaniel,n02112018-Pomeranian,train,train,10,28,False,False,False,False,train-train
n02085782-Japanese_spaniel/n02085782_1191.jpg,n02098286-West_Highland_white_terrier/n02098286_2173.jpg,n02085782-Japanese_spaniel,n02098286-West_Highland_white_terrier,train,train,10,30,False,False,False,False,train-train
n02085782-Japanese_spaniel/n02085782_1964.jpg,n02093256-Staffordshire_bullterrier/n02093256_3994.jpg,n02085782-Japanese_spaniel,n02093256-Staffordshire_bullterrier,train,val,10,22,False,False,False,True,train-val
n02085782-Japanese_spaniel/n02085782_2207.jpg,n02085936-Maltese_dog/n02085936_2832.jpg,n02085782-Japanese_spaniel,n02085936-Maltese_dog,train,val,10,30,False,False,False,True,train-val
n02085782-Japanese_spaniel/n02085782_2207.jpg,n02090622-borzoi/n02090622_9662.jpg,n02085782-Japanese_spaniel,n02090622-borzoi,train,train,10,32,False,False,False,False,train-train
n02085782-Japanese_spaniel/n02085782_4616.jpg,n02110806-basenji/n02110806_3971.jpg,n02085782-Japanese_spaniel,n02110806-basenji,train,train,10,22,False,False,False,False,train-train
n02085782-Japanese_spaniel/n02085782_919.jpg,n02113799-standard_poodle/n02113799_6715.jpg,n02085782-Japanese_spaniel,n02113799-standard_poodle,train,train,10,24,False,False,False,False,train-train
n02085936-Maltese_dog/n02085936_10148.jpg,n02089867-Walker_hound/n02089867_90.jpg,n02085936-Maltese_dog,n02089867-Walker_hound,test,test,10,38,False,False,False,False,test-test
n02085936-Maltese_dog/n02085936_10625.jpg,n02085936-Maltese_dog/n02085936_8350.jpg,n02085936-Maltese_dog,n02085936-Maltese_dog,train,train,10,28,False,False,True,False,train-train
n02085936-Maltese_dog/n02085936_10625.jpg,n02086240-Shih-Tzu/n02086240_1927.jpg,n02085936-Maltese_dog,n02086240-Shih-Tzu,train,train,10,24,False,False,False,False,train-train
n02085936-Maltese_dog/n02085936_10625.jpg,n02087394-Rhodesian_ridgeback/n02087394_5474.jpg,n02085936-Maltese_dog,n02087394-Rhodesian_ridgeback,train,train,10,24,False,False,False,False,train-train
n02085936-Maltese_dog/n02085936_10625.jpg,n02091467-Norwegian_elkhound/n02091467_6240.jpg,n02085936-Maltese_dog,n02091467-Norwegian_elkhound,train,train,10,30,False,False,False,False,train-train
n02085936-Maltese_dog/n02085936_10625.jpg,n02094258-Norwich_terrier/n02094258_3197.jpg,n02085936-Maltese_dog,n02094258-Norwich_terrier,train,test,10,22,False,False,False,True,train-test
n02085936-Maltese_dog/n02085936_10625.jpg,n02094433-Yorkshire_terrier/n02094433_8669.jpg,n02085936-Maltese_dog,n02094433-Yorkshire_terrier,train,train,10,30,False,False,False,False,train-train
n02085936-Maltese_dog/n02085936_10625.jpg,n02097047-miniature_schnauzer/n02097047_162.jpg,n02085936-Maltese_dog,n02097047-miniature_schnauzer,train,train,10,30,False,False,False,False,train-train
n02085936-Maltese_dog/n02085936_10625.jpg,n02098105-soft-coated_wheaten_terrier/n02098105_3865.jpg,n02085936-Maltese_dog,n02098105-soft-coated_wheaten_terrier,train,train,10,30,False,False,False,False,train-train
n02085936-Maltese_dog/n02085936_10625.jpg,n02098286-West_Highland_white_terrier/n02098286_2139.jpg,n02085936-Maltese_dog,n02098286-West_Highland_white_terrier,train,train,10,14,False,False,False,False,train-train
n02085936-Maltese_dog/n02085936_10625.jpg,n02102177-Welsh_springer_spaniel/n02102177_3032.jpg,n02085936-Maltese_dog,n02102177-Welsh_springer_spaniel,train,test,10,30,False,False,False,True,train-test
n02085936-Maltese_dog/n02085936_10625.jpg,n02111889-Samoyed/n02111889_4142.jpg,n02085936-Maltese_dog,n02111889-Samoyed,train,train,10,40,False,False,False,False,train-train
n02085936-Maltese_dog/n02085936_10625.jpg,n02112018-Pomeranian/n02112018_10243.jpg,n02085936-Maltese_dog,n02112018-Pomeranian,train,train,10,30,False,False,False,False,train-train
n02085936-Maltese_dog/n02085936_10625.jpg,n02112018-Pomeranian/n02112018_3494.jpg,n02085936-Maltese_dog,n02112018-Pomeranian,train,val,10,32,False,False,False,True,train-val
n02085936-Maltese_dog/n02085936_10625.jpg,n02112137-chow/n02112137_3706.jpg,n02085936-Maltese_dog,n02112137-chow,train,train,10,30,False,False,False,False,train-train
n02085936-Maltese_dog/n02085936_10719.jpg,n02112137-chow/n02112137_13330.jpg,n02085936-Maltese_dog,n02112137-chow,train,train,10,28,False,False,False,False,train-train
n02085936-Maltese_dog/n02085936_1155.jpg,n02098105-soft-coated_wheaten_terrier/n02098105_408.jpg,n02085936-Maltese_dog,n02098105-soft-coated_wheaten_terrier,test,test,10,24,False,False,False,False,test-test
n02085936-Maltese_dog/n02085936_1155.jpg,n02104029-kuvasz/n02104029_2964.jpg,n02085936-Maltese_dog,n02104029-kuvasz,test,val,10,28,False,False,False,True,val-test
n02085936-Maltese_dog/n02085936_137.jpg,n02097298-Scotch_terrier/n02097298_6084.jpg,n02085936-Maltese_dog,n02097298-Scotch_terrier,val,train,10,24,False,False,False,True,train-val
n02085936-Maltese_dog/n02085936_1549.jpg,n02094114-Norfolk_terrier/n02094114_1179.jpg,n02085936-Maltese_dog,n02094114-Norfolk_terrier,val,train,10,24,False,False,False,True,train-val
n02085936-Maltese_dog/n02085936_22167.jpg,n02094433-Yorkshire_terrier/n02094433_2006.jpg,n02085936-Maltese_dog,n02094433-Yorkshire_terrier,train,val,10,22,False,False,False,True,train-val
n02085936-Maltese_dog/n02085936_2536.jpg,n02096294-Australian_terrier/n02096294_4535.jpg,n02085936-Maltese_dog,n02096294-Australian_terrier,test,train,10,26,False,False,False,True,train-test
n02085936-Maltese_dog/n02085936_2741.jpg,n02086646-Blenheim_spaniel/n02086646_567.jpg,n02085936-Maltese_dog,n02086646-Blenheim_spaniel,train,train,10,20,False,False,False,False,train-train
n02085936-Maltese_dog/n02085936_2832.jpg,n02086079-Pekinese/n02086079_937.jpg,n02085936-Maltese_dog,n02086079-Pekinese,val,train,10,30,False,False,False,True,train-val
n02085936-Maltese_dog/n02085936_2832.jpg,n02087046-toy_terrier/n02087046_4647.jpg,n02085936-Maltese_dog,n02087046-toy_terrier,val,test,10,30,False,False,False,True,val-test
n02085936-Maltese_dog/n02085936_2832.jpg,n02090622-borzoi/n02090622_9662.jpg,n02085936-Maltese_dog,n02090622-borzoi,val,train,10,28,False,False,False,True,train-val
n02085936-Maltese_dog/n02085936_2832.jpg,n02095570-Lakeland_terrier/n02095570_5955.jpg,n02085936-Maltese_dog,n02095570-Lakeland_terrier,val,train,10,28,False,False,False,True,train-val
n02085936-Maltese_dog/n02085936_2832.jpg,n02099849-Chesapeake_Bay_retriever/n02099849_1645.jpg,n02085936-Maltese_dog,n02099849-Chesapeake_Bay_retriever,val,test,10,32,False,False,False,True,val-test
n02085936-Maltese_dog/n02085936_2832.jpg,n02102177-Welsh_springer_spaniel/n02102177_3032.jpg,n02085936-Maltese_dog,n02102177-Welsh_springer_spaniel,val,test,10,34,False,False,False,True,val-test
n02085936-Maltese_dog/n02085936_2832.jpg,n02109525-Saint_Bernard/n02109525_2008.jpg,n02085936-Maltese_dog,n02109525-Saint_Bernard,val,train,10,22,False,False,False,True,train-val
n02085936-Maltese_dog/n02085936_2832.jpg,n02111500-Great_Pyrenees/n02111500_8610.jpg,n02085936-Maltese_dog,n02111500-Great_Pyrenees,val,train,10,30,False,False,False,True,train-val
n02085936-Maltese_dog/n02085936_2832.jpg,n02112018-Pomeranian/n02112018_10243.jpg,n02085936-Maltese_dog,n02112018-Pomeranian,val,train,10,28,False,False,False,True,train-val
n02085936-Maltese_dog/n02085936_2832.jpg,n02115913-dhole/n02115913_1060.jpg,n02085936-Maltese_dog,n02115913-dhole,val,val,10,28,False,False,False,False,val-val
n02085936-Maltese_dog/n02085936_2889.jpg,n02102480-Sussex_spaniel/n02102480_147.jpg,n02085936-Maltese_dog,n02102480-Sussex_spaniel,train,train,10,26,False,False,False,False,train-train
n02085936-Maltese_dog/n02085936_2976.jpg,n02100236-German_short-haired_pointer/n02100236_5735.jpg,n02085936-Maltese_dog,n02100236-German_short-haired_pointer,train,val,10,22,False,False,False,True,train-val
n02085936-Maltese_dog/n02085936_3326.jpg,n02086240-Shih-Tzu/n02086240_12314.jpg,n02085936-Maltese_dog,n02086240-Shih-Tzu,train,val,10,34,False,False,False,True,train-val
n02085936-Maltese_dog/n02085936_3326.jpg,n02087046-toy_terrier/n02087046_6986.jpg,n02085936-Maltese_dog,n02087046-toy_terrier,train,test,10,20,False,False,False,True,train-test
n02085936-Maltese_dog/n02085936_3326.jpg,n02088364-beagle/n02088364_2661.jpg,n02085936-Maltese_dog,n02088364-beagle,train,test,10,30,False,False,False,True,train-test
n02085936-Maltese_dog/n02085936_3326.jpg,n02088632-bluetick/n02088632_1704.jpg,n02085936-Maltese_dog,n02088632-bluetick,train,train,10,36,False,False,False,False,train-train
n02085936-Maltese_dog/n02085936_3326.jpg,n02090379-redbone/n02090379_4054.jpg,n02085936-Maltese_dog,n02090379-redbone,train,train,10,36,False,False,False,False,train-train
n02085936-Maltese_dog/n02085936_3326.jpg,n02094114-Norfolk_terrier/n02094114_2706.jpg,n02085936-Maltese_dog,n02094114-Norfolk_terrier,train,train,10,26,False,False,False,False,train-train
n02085936-Maltese_dog/n02085936_3326.jpg,n02098286-West_Highland_white_terrier/n02098286_2173.jpg,n02085936-Maltese_dog,n02098286-West_Highland_white_terrier,train,train,10,28,False,False,False,False,train-train
n02085936-Maltese_dog/n02085936_3326.jpg,n02098286-West_Highland_white_terrier/n02098286_617.jpg,n02085936-Maltese_dog,n02098286-West_Highland_white_terrier,train,train,10,26,False,False,False,False,train-train
n02085936-Maltese_dog/n02085936_3326.jpg,n02098413-Lhasa/n02098413_7979.jpg,n02085936-Maltese_dog,n02098413-Lhasa,train,train,10,24,False,False,False,False,train-train
n02085936-Maltese_dog/n02085936_3326.jpg,n02099849-Chesapeake_Bay_retriever/n02099849_1310.jpg,n02085936-Maltese_dog,n02099849-Chesapeake_Bay_retriever,train,train,10,24,False,False,False,False,train-train
n02085936-Maltese_dog/n02085936_3326.jpg,n02100236-German_short-haired_pointer/n02100236_4235.jpg,n02085936-Maltese_dog,n02100236-German_short-haired_pointer,train,train,10,34,False,False,False,False,train-train
n02085936-Maltese_dog/n02085936_3326.jpg,n02100735-English_setter/n02100735_4079.jpg,n02085936-Maltese_dog,n02100735-English_setter,train,test,10,30,False,False,False,True,train-test
n02085936-Maltese_dog/n02085936_3326.jpg,n02108422-bull_mastiff/n02108422_3086.jpg,n02085936-Maltese_dog,n02108422-bull_mastiff,train,train,10,28,False,False,False,False,train-train
n02085936-Maltese_dog/n02085936_3326.jpg,n02111500-Great_Pyrenees/n02111500_6401.jpg,n02085936-Maltese_dog,n02111500-Great_Pyrenees,train,train,10,24,False,False,False,False,train-train
n02085936-Maltese_dog/n02085936_3326.jpg,n02112018-Pomeranian/n02112018_5697.jpg,n02085936-Maltese_dog,n02112018-Pomeranian,train,train,10,34,False,False,False,False,train-train
n02085936-Maltese_dog/n02085936_338.jpg,n02107683-Bernese_mountain_dog/n02107683_4885.jpg,n02085936-Maltese_dog,n02107683-Bernese_mountain_dog,train,train,10,24,False,False,False,False,train-train
n02085936-Maltese_dog/n02085936_3580.jpg,n02085936-Maltese_dog/n02085936_6278.jpg,n02085936-Maltese_dog,n02085936-Maltese_dog,train,train,10,26,False,False,True,False,train-train
n02085936-Maltese_dog/n02085936_3580.jpg,n02085936-Maltese_dog/n02085936_8224.jpg,n02085936-Maltese_dog,n02085936-Maltese_dog,train,train,10,26,False,False,True,False,train-train
n02085936-Maltese_dog/n02085936_3580.jpg,n02093428-American_Staffordshire_terrier/n02093428_17557.jpg,n02085936-Maltese_dog,n02093428-American_Staffordshire_terrier,train,val,10,28,False,False,False,True,train-val
n02085936-Maltese_dog/n02085936_3580.jpg,n02108422-bull_mastiff/n02108422_3086.jpg,n02085936-Maltese_dog,n02108422-bull_mastiff,train,train,10,34,False,False,False,False,train-train
n02085936-Maltese_dog/n02085936_3580.jpg,n02110806-basenji/n02110806_5238.jpg,n02085936-Maltese_dog,n02110806-basenji,train,train,10,38,False,False,False,False,train-train
n02085936-Maltese_dog/n02085936_3580.jpg,n02112018-Pomeranian/n02112018_2896.jpg,n02085936-Maltese_dog,n02112018-Pomeranian,train,train,10,36,False,False,False,False,train-train
n02085936-Maltese_dog/n02085936_4318.jpg,n02088632-bluetick/n02088632_679.jpg,n02085936-Maltese_dog,n02088632-bluetick,train,train,10,28,False,False,False,False,train-train
n02085936-Maltese_dog/n02085936_4351.jpg,n02101556-clumber/n02101556_6054.jpg,n02085936-Maltese_dog,n02101556-clumber,test,train,10,12,False,False,False,True,train-test
n02085936-Maltese_dog/n02085936_4897.jpg,n02106662-German_shepherd/n02106662_1812.jpg,n02085936-Maltese_dog,n02106662-German_shepherd,train,train,10,28,False,False,False,False,train-train
n02085936-Maltese_dog/n02085936_5023.jpg,n02098413-Lhasa/n02098413_7979.jpg,n02085936-Maltese_dog,n02098413-Lhasa,train,train,10,28,False,False,False,False,train-train
n02085936-Maltese_dog/n02085936_6071.jpg,n02110185-Siberian_husky/n02110185_8860.jpg,n02085936-Maltese_dog,n02110185-Siberian_husky,val,train,10,30,False,False,False,True,train-val
n02085936-Maltese_dog/n02085936_6278.jpg,n02110806-basenji/n02110806_5238.jpg,n02085936-Maltese_dog,n02110806-basenji,train,train,10,28,False,False,False,False,train-train
n02085936-Maltese_dog/n02085936_6424.jpg,n02086910-papillon/n02086910_2556.jpg,n02085936-Maltese_dog,n02086910-papillon,test,test,10,32,False,False,False,False,test-test
n02085936-Maltese_dog/n02085936_6514.jpg,n02100583-vizsla/n02100583_2251.jpg,n02085936-Maltese_dog,n02100583-vizsla,train,train,10,28,False,False,False,False,train-train
n02085936-Maltese_dog/n02085936_6650.jpg,n02100583-vizsla/n02100583_13008.jpg,n02085936-Maltese_dog,n02100583-vizsla,train,train,10,22,False,False,False,False,train-train
n02085936-Maltese_dog/n02085936_6650.jpg,n02104365-schipperke/n02104365_9994.jpg,n02085936-Maltese_dog,n02104365-schipperke,train,val,10,28,False,False,False,True,train-val
n02085936-Maltese_dog/n02085936_8089.jpg,n02105641-Old_English_sheepdog/n02105641_14263.jpg,n02085936-Maltese_dog,n02105641-Old_English_sheepdog,train,train,10,18,False,False,False,False,train-train
n02085936-Maltese_dog/n02085936_8224.jpg,n02088364-beagle/n02088364_2000.jpg,n02085936-Maltese_dog,n02088364-beagle,train,train,10,24,False,False,False,False,train-train
n02085936-Maltese_dog/n02085936_8224.jpg,n02088364-beagle/n02088364_2661.jpg,n02085936-Maltese_dog,n02088364-beagle,train,test,10,26,False,False,False,True,train-test
n02085936-Maltese_dog/n02085936_8224.jpg,n02094114-Norfolk_terrier/n02094114_2706.jpg,n02085936-Maltese_dog,n02094114-Norfolk_terrier,train,train,10,30,False,False,False,False,train-train
n02085936-Maltese_dog/n02085936_8224.jpg,n02098413-Lhasa/n02098413_17759.jpg,n02085936-Maltese_dog,n02098413-Lhasa,train,train,10,30,False,False,False,False,train-train
n02085936-Maltese_dog/n02085936_8224.jpg,n02105641-Old_English_sheepdog/n02105641_8576.jpg,n02085936-Maltese_dog,n02105641-Old_English_sheepdog,train,test,10,32,False,False,False,True,train-test
n02085936-Maltese_dog/n02085936_8224.jpg,n02111500-Great_Pyrenees/n02111500_5618.jpg,n02085936-Maltese_dog,n02111500-Great_Pyrenees,train,val,10,20,False,False,False,True,train-val
n02085936-Maltese_dog/n02085936_8224.jpg,n02111500-Great_Pyrenees/n02111500_6401.jpg,n02085936-Maltese_dog,n02111500-Great_Pyrenees,train,train,10,26,False,False,False,False,train-train
n02085936-Maltese_dog/n02085936_8224.jpg,n02112018-Pomeranian/n02112018_3464.jpg,n02085936-Maltese_dog,n02112018-Pomeranian,train,train,10,30,False,False,False,False,train-train
n02085936-Maltese_dog/n02085936_8350.jpg,n02086240-Shih-Tzu/n02086240_1170.jpg,n02085936-Maltese_dog,n02086240-Shih-Tzu,train,train,10,28,False,False,False,False,train-train
n02085936-Maltese_dog/n02085936_8350.jpg,n02111500-Great_Pyrenees/n02111500_9116.jpg,n02085936-Maltese_dog,n02111500-Great_Pyrenees,train,train,10,22,False,False,False,False,train-train
n02085936-Maltese_dog/n02085936_8350.jpg,n02115913-dhole/n02115913_1060.jpg,n02085936-Maltese_dog,n02115913-dhole,train,val,10,30,False,False,False,True,train-val
n02086079-Pekinese/n02086079_1020.jpg,n02111129-Leonberg/n02111129_4677.jpg,n02086079-Pekinese,n02111129-Leonberg,train,train,10,28,False,False,False,False,train-train
n02086079-Pekinese/n02086079_10689.jpg,n02086079-Pekinese/n02086079_5197.jpg,n02086079-Pekinese,n02086079-Pekinese,val,val,10,14,False,False,True,False,val-val
n02086079-Pekinese/n02086079_11089.jpg,n02111277-Newfoundland/n02111277_5145.jpg,n02086079-Pekinese,n02111277-Newfoundland,train,train,10,24,False,False,False,False,train-train
n02086079-Pekinese/n02086079_13024.jpg,n02113023-Pembroke/n02113023_3022.jpg,n02086079-Pekinese,n02113023-Pembroke,train,train,10,30,False,False,False,False,train-train
n02086079-Pekinese/n02086079_1451.jpg,n02086240-Shih-Tzu/n02086240_1170.jpg,n02086079-Pekinese,n02086240-Shih-Tzu,train,train,10,18,False,False,False,False,train-train
n02086079-Pekinese/n02086079_1451.jpg,n02087046-toy_terrier/n02087046_4647.jpg,n02086079-Pekinese,n02087046-toy_terrier,train,test,10,26,False,False,False,True,train-test
n02086079-Pekinese/n02086079_1451.jpg,n02087394-Rhodesian_ridgeback/n02087394_1964.jpg,n02086079-Pekinese,n02087394-Rhodesian_ridgeback,train,train,10,36,False,False,False,False,train-train
n02086079-Pekinese/n02086079_1451.jpg,n02090622-borzoi/n02090622_6131.jpg,n02086079-Pekinese,n02090622-borzoi,train,train,10,30,False,False,False,False,train-train
n02086079-Pekinese/n02086079_1451.jpg,n02094258-Norwich_terrier/n02094258_3197.jpg,n02086079-Pekinese,n02094258-Norwich_terrier,train,test,10,28,False,False,False,True,train-test
n02086079-Pekinese/n02086079_1451.jpg,n02097658-silky_terrier/n02097658_3571.jpg,n02086079-Pekinese,n02097658-silky_terrier,train,val,10,32,False,False,False,True,train-val
n02086079-Pekinese/n02086079_1451.jpg,n02099849-Chesapeake_Bay_retriever/n02099849_1408.jpg,n02086079-Pekinese,n02099849-Chesapeake_Bay_retriever,train,test,10,24,False,False,False,True,train-test
n02086079-Pekinese/n02086079_1451.jpg,n02102177-Welsh_springer_spaniel/n02102177_3032.jpg,n02086079-Pekinese,n02102177-Welsh_springer_spaniel,train,test,10,38,False,False,False,True,train-test
n02086079-Pekinese/n02086079_1451.jpg,n02104029-kuvasz/n02104029_2769.jpg,n02086079-Pekinese,n02104029-kuvasz,train,train,10,32,False,False,False,False,train-train
n02086079-Pekinese/n02086079_1451.jpg,n02109525-Saint_Bernard/n02109525_2008.jpg,n02086079-Pekinese,n02109525-Saint_Bernard,train,train,10,34,False,False,False,False,train-train
n02086079-Pekinese/n02086079_1451.jpg,n02111889-Samoyed/n02111889_16090.jpg,n02086079-Pekinese,n02111889-Samoyed,train,test,10,28,False,False,False,True,train-test
n02086079-Pekinese/n02086079_1451.jpg,n02111889-Samoyed/n02111889_4142.jpg,n02086079-Pekinese,n02111889-Samoyed,train,train,10,28,False,False,False,False,train-train
n02086079-Pekinese/n02086079_1451.jpg,n02112018-Pomeranian/n02112018_10243.jpg,n02086079-Pekinese,n02112018-Pomeranian,train,train,10,36,False,False,False,False,train-train
n02086079-Pekinese/n02086079_1451.jpg,n02112018-Pomeranian/n02112018_3494.jpg,n02086079-Pekinese,n02112018-Pomeranian,train,val,10,34,False,False,False,True,train-val
n02086079-Pekinese/n02086079_1451.jpg,n02112137-chow/n02112137_16777.jpg,n02086079-Pekinese,n02112137-chow,train,val,10,34,False,False,False,True,train-val
n02086079-Pekinese/n02086079_1451.jpg,n02113799-standard_poodle/n02113799_5986.jpg,n02086079-Pekinese,n02113799-standard_poodle,train,train,10,18,False,False,False,False,train-train
n02086079-Pekinese/n02086079_15220.jpg,n02113712-miniature_poodle/n02113712_885.jpg,n02086079-Pekinese,n02113712-miniature_poodle,train,train,10,24,False,False,False,False,train-train
n02086079-Pekinese/n02086079_3174.jpg,n02087046-toy_terrier/n02087046_2199.jpg,n02086079-Pekinese,n02087046-toy_terrier,train,test,10,20,False,False,False,True,train-test
n02086079-Pekinese/n02086079_3996.jpg,n02094258-Norwich_terrier/n02094258_2801.jpg,n02086079-Pekinese,n02094258-Norwich_terrier,train,train,10,22,False,False,False,False,train-train
n02086079-Pekinese/n02086079_7302.jpg,n02095570-Lakeland_terrier/n02095570_1270.jpg,n02086079-Pekinese,n02095570-Lakeland_terrier,train,train,10,32,False,False,False,False,train-train
n02086079-Pekinese/n02086079_7302.jpg,n02111129-Leonberg/n02111129_1501.jpg,n02086079-Pekinese,n02111129-Leonberg,train,train,10,28,False,False,False,False,train-train
n02086079-Pekinese/n02086079_7817.jpg,n02091134-whippet/n02091134_16086.jpg,n02086079-Pekinese,n02091134-whippet,train,val,10,32,False,False,False,True,train-val
n02086079-Pekinese/n02086079_8726.jpg,n02093256-Staffordshire_bullterrier/n02093256_2557.jpg,n02086079-Pekinese,n02093256-Staffordshire_bullterrier,train,train,10,28,False,False,False,False,train-train
n02086079-Pekinese/n02086079_937.jpg,n02091467-Norwegian_elkhound/n02091467_6240.jpg,n02086079-Pekinese,n02091467-Norwegian_elkhound,train,train,10,20,False,False,False,False,train-train
n02086079-Pekinese/n02086079_937.jpg,n02094258-Norwich_terrier/n02094258_3197.jpg,n02086079-Pekinese,n02094258-Norwich_terrier,train,test,10,28,False,False,False,True,train-test
n02086079-Pekinese/n02086079_937.jpg,n02094433-Yorkshire_terrier/n02094433_8669.jpg,n02086079-Pekinese,n02094433-Yorkshire_terrier,train,train,10,26,False,False,False,False,train-train
n02086079-Pekinese/n02086079_937.jpg,n02095570-Lakeland_terrier/n02095570_2480.jpg,n02086079-Pekinese,n02095570-Lakeland_terrier,train,val,10,26,False,False,False,True,train-val
n02086079-Pekinese/n02086079_937.jpg,n02095570-Lakeland_terrier/n02095570_5955.jpg,n02086079-Pekinese,n02095570-Lakeland_terrier,train,train,10,30,False,False,False,False,train-train
n02086079-Pekinese/n02086079_937.jpg,n02098286-West_Highland_white_terrier/n02098286_2139.jpg,n02086079-Pekinese,n02098286-West_Highland_white_terrier,train,train,10,24,False,False,False,False,train-train
n02086079-Pekinese/n02086079_937.jpg,n02098413-Lhasa/n02098413_6923.jpg,n02086079-Pekinese,n02098413-Lhasa,train,val,10,34,False,False,False,True,train-val
n02086079-Pekinese/n02086079_937.jpg,n02099601-golden_retriever/n02099601_1454.jpg,n02086079-Pekinese,n02099601-golden_retriever,train,train,10,36,False,False,False,False,train-train
n02086079-Pekinese/n02086079_937.jpg,n02104029-kuvasz/n02104029_2769.jpg,n02086079-Pekinese,n02104029-kuvasz,train,train,10,20,False,False,False,False,train-train
n02086079-Pekinese/n02086079_9847.jpg,n02096294-Australian_terrier/n02096294_1805.jpg,n02086079-Pekinese,n02096294-Australian_terrier,train,train,10,24,False,False,False,False,train-train
n02086240-Shih-Tzu/n02086240_11622.jpg,n02087394-Rhodesian_ridgeback/n02087394_3256.jpg,n02086240-Shih-Tzu,n02087394-Rhodesian_ridgeback,train,train,10,20,False,False,False,False,train-train
n02086240-Shih-Tzu/n02086240_1170.jpg,n02087394-Rhodesian_ridgeback/n02087394_5474.jpg,n02086240-Shih-Tzu,n02087394-Rhodesian_ridgeback,train,train,10,30,False,False,False,False,train-train
n02086240-Shih-Tzu/n02086240_1170.jpg,n02095314-wire-haired_fox_terrier/n02095314_2308.jpg,n02086240-Shih-Tzu,n02095314-wire-haired_fox_terrier,train,test,10,22,False,False,False,True,train-test
n02086240-Shih-Tzu/n02086240_1170.jpg,n02100236-German_short-haired_pointer/n02100236_5735.jpg,n02086240-Shih-Tzu,n02100236-German_short-haired_pointer,train,val,10,28,False,False,False,True,train-val
n02086240-Shih-Tzu/n02086240_12314.jpg,n02097474-Tibetan_terrier/n02097474_5074.jpg,n02086240-Shih-Tzu,n02097474-Tibetan_terrier,val,train,10,26,False,False,False,True,train-val
n02086240-Shih-Tzu/n02086240_12796.jpg,n02108915-French_bulldog/n02108915_4991.jpg,n02086240-Shih-Tzu,n02108915-French_bulldog,train,train,10,22,False,False,False,False,train-train
n02086240-Shih-Tzu/n02086240_1927.jpg,n02095570-Lakeland_terrier/n02095570_5955.jpg,n02086240-Shih-Tzu,n02095570-Lakeland_terrier,train,train,10,30,False,False,False,False,train-train
n02086240-Shih-Tzu/n02086240_1927.jpg,n02111500-Great_Pyrenees/n02111500_9116.jpg,n02086240-Shih-Tzu,n02111500-Great_Pyrenees,train,train,10,30,False,False,False,False,train-train
n02086240-Shih-Tzu/n02086240_4629.jpg,n02110185-Siberian_husky/n02110185_1289.jpg,n02086240-Shih-Tzu,n02110185-Siberian_husky,val,train,10,30,False,False,False,True,train-val
n02086240-Shih-Tzu/n02086240_6882.jpg,n02098286-West_Highland_white_terrier/n02098286_5353.jpg,n02086240-Shih-Tzu,n02098286-West_Highland_white_terrier,train,train,10,22,False,False,False,False,train-train
n02086240-Shih-Tzu/n02086240_6898.jpg,n02109047-Great_Dane/n02109047_22481.jpg,n02086240-Shih-Tzu,n02109047-Great_Dane,train,test,10,20,False,False,False,True,train-test
n02086240-Shih-Tzu/n02086240_7248.jpg,n02097658-silky_terrier/n02097658_4402.jpg,n02086240-Shih-Tzu,n02097658-silky_terrier,train,test,10,18,False,False,False,True,train-test
n02086240-Shih-Tzu/n02086240_739.jpg,n02093859-Kerry_blue_terrier/n02093859_2055.jpg,n02086240-Shih-Tzu,n02093859-Kerry_blue_terrier,train,test,10,24,False,False,False,True,train-test
n02086240-Shih-Tzu/n02086240_739.jpg,n02100236-German_short-haired_pointer/n02100236_5735.jpg,n02086240-Shih-Tzu,n02100236-German_short-haired_pointer,train,val,10,30,False,False,False,True,train-val
n02086240-Shih-Tzu/n02086240_739.jpg,n02116738-African_hunting_dog/n02116738_5683.jpg,n02086240-Shih-Tzu,n02116738-African_hunting_dog,train,train,10,22,False,False,False,False,train-train
n02086240-Shih-Tzu/n02086240_739.jpg,n02116738-African_hunting_dog/n02116738_7340.jpg,n02086240-Shih-Tzu,n02116738-African_hunting_dog,train,val,10,28,False,False,False,True,train-val
n02086240-Shih-Tzu/n02086240_9098.jpg,n02102040-English_springer/n02102040_682.jpg,n02086240-Shih-Tzu,n02102040-English_springer,train,train,10,22,False,False,False,False,train-train
n02086646-Blenheim_spaniel/n02086646_2160.jpg,n02088094-Afghan_hound/n02088094_13879.jpg,n02086646-Blenheim_spaniel,n02088094-Afghan_hound,val,train,10,30,False,False,False,True,train-val
n02086646-Blenheim_spaniel/n02086646_2173.jpg,n02112137-chow/n02112137_9156.jpg,n02086646-Blenheim_spaniel,n02112137-chow,train,test,10,22,False,False,False,True,train-test
n02086646-Blenheim_spaniel/n02086646_2252.jpg,n02099601-golden_retriever/n02099601_1768.jpg,n02086646-Blenheim_spaniel,n02099601-golden_retriever,train,train,10,26,False,False,False,False,train-train
n02086646-Blenheim_spaniel/n02086646_2641.jpg,n02098286-West_Highland_white_terrier/n02098286_617.jpg,n02086646-Blenheim_spaniel,n02098286-West_Highland_white_terrier,train,train,10,24,False,False,False,False,train-train
n02086646-Blenheim_spaniel/n02086646_2891.jpg,n02105641-Old_English_sheepdog/n02105641_1505.jpg,n02086646-Blenheim_spaniel,n02105641-Old_English_sheepdog,val,val,10,20,False,False,False,False,val-val
n02086646-Blenheim_spaniel/n02086646_3893.jpg,n02092339-Weimaraner/n02092339_767.jpg,n02086646-Blenheim_spaniel,n02092339-Weimaraner,train,test,10,24,False,False,False,True,train-test
n02086910-papillon/n02086910_1052.jpg,n02115641-dingo/n02115641_6309.jpg,n02086910-papillon,n02115641-dingo,train,val,10,24,False,False,False,True,train-val
n02086910-papillon/n02086910_2035.jpg,n02086910-papillon/n02086910_7321.jpg,n02086910-papillon,n02086910-papillon,train,train,10,4,False,False,True,False,train-train
n02086910-papillon/n02086910_4424.jpg,n02104029-kuvasz/n02104029_1324.jpg,n02086910-papillon,n02104029-kuvasz,test,train,10,22,False,False,False,True,train-test
n02086910-papillon/n02086910_9000.jpg,n02100236-German_short-haired_pointer/n02100236_5141.jpg,n02086910-papillon,n02100236-German_short-haired_pointer,val,train,10,22,False,False,False,True,train-val
n02087046-toy_terrier/n02087046_1703.jpg,n02100236-German_short-haired_pointer/n02100236_5834.jpg,n02087046-toy_terrier,n02100236-German_short-haired_pointer,train,val,10,30,False,False,False,True,train-val
n02087046-toy_terrier/n02087046_4647.jpg,n02087394-Rhodesian_ridgeback/n02087394_1964.jpg,n02087046-toy_terrier,n02087394-Rhodesian_ridgeback,test,train,10,26,False,False,False,True,train-test
n02087046-toy_terrier/n02087046_6443.jpg,n02091467-Norwegian_elkhound/n02091467_898.jpg,n02087046-toy_terrier,n02091467-Norwegian_elkhound,train,train,10,30,False,False,False,False,train-train
n02087046-toy_terrier/n02087046_6443.jpg,n02108422-bull_mastiff/n02108422_5595.jpg,n02087046-toy_terrier,n02108422-bull_mastiff,train,val,10,28,False,False,False,True,train-val
n02087046-toy_terrier/n02087046_7015.jpg,n02088238-basset/n02088238_9717.jpg,n02087046-toy_terrier,n02088238-basset,train,train,10,18,False,False,False,False,train-train
n02087046-toy_terrier/n02087046_7015.jpg,n02096177-cairn/n02096177_4520.jpg,n02087046-toy_terrier,n02096177-cairn,train,val,10,24,False,False,False,True,train-val
n02087046-toy_terrier/n02087046_7015.jpg,n02098413-Lhasa/n02098413_17759.jpg,n02087046-toy_terrier,n02098413-Lhasa,train,train,10,26,False,False,False,False,train-train
n02087046-toy_terrier/n02087046_7015.jpg,n02113186-Cardigan/n02113186_9902.jpg,n02087046-toy_terrier,n02113186-Cardigan,train,train,10,28,False,False,False,False,train-train
n02087046-toy_terrier/n02087046_7245.jpg,n02099849-Chesapeake_Bay_retriever/n02099849_1408.jpg,n02087046-toy_terrier,n02099849-Chesapeake_Bay_retriever,train,test,10,24,False,False,False,True,train-test
n02087394-Rhodesian_ridgeback/n02087394_10014.jpg,n02111129-Leonberg/n02111129_1501.jpg,n02087394-Rhodesian_ridgeback,n02111129-Leonberg,train,train,10,26,False,False,False,False,train-train
n02087394-Rhodesian_ridgeback/n02087394_11337.jpg,n02112018-Pomeranian/n02112018_1348.jpg,n02087394-Rhodesian_ridgeback,n02112018-Pomeranian,train,test,10,26,False,False,False,True,train-test
n02087394-Rhodesian_ridgeback/n02087394_5474.jpg,n02094258-Norwich_terrier/n02094258_3197.jpg,n02087394-Rhodesian_ridgeback,n02094258-Norwich_terrier,train,test,10,26,False,False,False,True,train-test
n02087394-Rhodesian_ridgeback/n02087394_5474.jpg,n02095570-Lakeland_terrier/n02095570_5038.jpg,n02087394-Rhodesian_ridgeback,n02095570-Lakeland_terrier,train,train,10,24,False,False,False,False,train-train
n02087394-Rhodesian_ridgeback/n02087394_5474.jpg,n02100236-German_short-haired_pointer/n02100236_5735.jpg,n02087394-Rhodesian_ridgeback,n02100236-German_short-haired_pointer,train,val,10,28,False,False,False,True,train-val
n02087394-Rhodesian_ridgeback/n02087394_5474.jpg,n02109525-Saint_Bernard/n02109525_2008.jpg,n02087394-Rhodesian_ridgeback,n02109525-Saint_Bernard,train,train,10,30,False,False,False,False,train-train
n02087394-Rhodesian_ridgeback/n02087394_5474.jpg,n02111889-Samoyed/n02111889_13737.jpg,n02087394-Rhodesian_ridgeback,n02111889-Samoyed,train,train,10,20,False,False,False,False,train-train
n02087394-Rhodesian_ridgeback/n02087394_8260.jpg,n02092339-Weimaraner/n02092339_1950.jpg,n02087394-Rhodesian_ridgeback,n02092339-Weimaraner,train,test,10,30,False,False,False,True,train-test
n02088094-Afghan_hound/n02088094_1234.jpg,n02111889-Samoyed/n02111889_16090.jpg,n02088094-Afghan_hound,n02111889-Samoyed,test,test,10,32,False,False,False,False,test-test
n02088094-Afghan_hound/n02088094_1410.jpg,n02088094-Afghan_hound/n02088094_1459.jpg,n02088094-Afghan_hound,n02088094-Afghan_hound,train,train,10,6,False,False,True,False,train-train
n02088094-Afghan_hound/n02088094_3620.jpg,n02088094-Afghan_hound/n02088094_8682.jpg,n02088094-Afghan_hound,n02088094-Afghan_hound,train,test,10,14,False,False,True,True,train-test
n02088094-Afghan_hound/n02088094_4586.jpg,n02088094-Afghan_hound/n02088094_9220.jpg,n02088094-Afghan_hound,n02088094-Afghan_hound,train,train,10,6,False,False,True,False,train-train
n02088094-Afghan_hound/n02088094_8465.jpg,n02109525-Saint_Bernard/n02109525_13988.jpg,n02088094-Afghan_hound,n02109525-Saint_Bernard,test,val,10,24,False,False,False,True,val-test
n02088094-Afghan_hound/n02088094_9197.jpg,n02096177-cairn/n02096177_4520.jpg,n02088094-Afghan_hound,n02096177-cairn,train,val,10,28,False,False,False,True,train-val
n02088238-basset/n02088238_11124.jpg,n02093859-Kerry_blue_terrier/n02093859_321.jpg,n02088238-basset,n02093859-Kerry_blue_terrier,train,train,10,18,False,False,False,False,train-train
n02088238-basset/n02088238_11124.jpg,n02094114-Norfolk_terrier/n02094114_161.jpg,n02088238-basset,n02094114-Norfolk_terrier,train,train,10,20,False,False,False,False,train-train
n02088238-basset/n02088238_11200.jpg,n02091467-Norwegian_elkhound/n02091467_2856.jpg,n02088238-basset,n02091467-Norwegian_elkhound,train,train,10,32,False,False,False,False,train-train
n02088238-basset/n02088238_11200.jpg,n02107142-Doberman/n02107142_3488.jpg,n02088238-basset,n02107142-Doberman,train,train,10,30,False,False,False,False,train-train
n02088238-basset/n02088238_11200.jpg,n02111277-Newfoundland/n02111277_5249.jpg,n02088238-basset,n02111277-Newfoundland,train,train,10,34,False,False,False,False,train-train
n02088238-basset/n02088238_11542.jpg,n02100877-Irish_setter/n02100877_6747.jpg,n02088238-basset,n02100877-Irish_setter,train,train,10,28,False,False,False,False,train-train
n02088238-basset/n02088238_657.jpg,n02099267-flat-coated_retriever/n02099267_3493.jpg,n02088238-basset,n02099267-flat-coated_retriever,train,train,10,24,False,False,False,False,train-train
n02088238-basset/n02088238_8520.jpg,n02092002-Scottish_deerhound/n02092002_1646.jpg,n02088238-basset,n02092002-Scottish_deerhound,train,train,10,32,False,False,False,False,train-train
n02088238-basset/n02088238_9025.jpg,n02101388-Brittany_spaniel/n02101388_4358.jpg,n02088238-basset,n02101388-Brittany_spaniel,test,train,10,24,False,False,False,True,train-test
n02088238-basset/n02088238_9162.jpg,n02094114-Norfolk_terrier/n02094114_61.jpg,n02088238-basset,n02094114-Norfolk_terrier,train,train,10,30,False,False,False,False,train-train
n02088238-basset/n02088238_9372.jpg,n02092002-Scottish_deerhound/n02092002_86.jpg,n02088238-basset,n02092002-Scottish_deerhound,val,train,10,30,False,False,False,True,train-val
n02088238-basset/n02088238_9372.jpg,n02095314-wire-haired_fox_terrier/n02095314_1505.jpg,n02088238-basset,n02095314-wire-haired_fox_terrier,val,train,10,20,False,False,False,True,train-val
n02088238-basset/n02088238_9372.jpg,n02112350-keeshond/n02112350_7141.jpg,n02088238-basset,n02112350-keeshond,val,train,10,36,False,False,False,True,train-val
n02088238-basset/n02088238_9691.jpg,n02093428-American_Staffordshire_terrier/n02093428_19907.jpg,n02088238-basset,n02093428-American_Staffordshire_terrier,val,train,10,24,False,False,False,True,train-val
n02088238-basset/n02088238_9717.jpg,n02096177-cairn/n02096177_4520.jpg,n02088238-basset,n02096177-cairn,train,val,10,20,False,False,False,True,train-val
n02088238-basset/n02088238_9717.jpg,n02098413-Lhasa/n02098413_17759.jpg,n02088238-basset,n02098413-Lhasa,train,train,10,20,False,False,False,False,train-train
n02088364-beagle/n02088364_11130.jpg,n02107142-Doberman/n02107142_7731.jpg,n02088364-beagle,n02107142-Doberman,train,test,10,24,False,False,False,True,train-test
n02088364-beagle/n02088364_11130.jpg,n02110806-basenji/n02110806_4051.jpg,n02088364-beagle,n02110806-basenji,train,test,10,24,False,False,False,True,train-test
n02088364-beagle/n02088364_12397.jpg,n02110185-Siberian_husky/n02110185_7564.jpg,n02088364-beagle,n02110185-Siberian_husky,val,train,10,22,False,False,False,True,train-val
n02088364-beagle/n02088364_16502.jpg,n02100583-vizsla/n02100583_14018.jpg,n02088364-beagle,n02100583-vizsla,train,val,10,28,False,False,False,True,train-val
n02088364-beagle/n02088364_16689.jpg,n02096585-Boston_bull/n02096585_1172.jpg,n02088364-beagle,n02096585-Boston_bull,val,train,10,30,False,False,False,True,train-val
n02088364-beagle/n02088364_2000.jpg,n02093428-American_Staffordshire_terrier/n02093428_17557.jpg,n02088364-beagle,n02093428-American_Staffordshire_terrier,train,val,10,32,False,False,False,True,train-val
n02088364-beagle/n02088364_2000.jpg,n02093647-Bedlington_terrier/n02093647_2427.jpg,n02088364-beagle,n02093647-Bedlington_terrier,train,train,10,30,False,False,False,False,train-train
n02088364-beagle/n02088364_2000.jpg,n02098413-Lhasa/n02098413_7979.jpg,n02088364-beagle,n02098413-Lhasa,train,train,10,28,False,False,False,False,train-train
n02088364-beagle/n02088364_2000.jpg,n02105251-briard/n02105251_3389.jpg,n02088364-beagle,n02105251-briard,train,val,10,24,False,False,False,True,train-val
n02088364-beagle/n02088364_2000.jpg,n02105641-Old_English_sheepdog/n02105641_8576.jpg,n02088364-beagle,n02105641-Old_English_sheepdog,train,test,10,26,False,False,False,True,train-test
n02088364-beagle/n02088364_2000.jpg,n02109961-Eskimo_dog/n02109961_6020.jpg,n02088364-beagle,n02109961-Eskimo_dog,train,train,10,28,False,False,False,False,train-train
n02088364-beagle/n02088364_2000.jpg,n02111500-Great_Pyrenees/n02111500_6401.jpg,n02088364-beagle,n02111500-Great_Pyrenees,train,train,10,26,False,False,False,False,train-train
n02088364-beagle/n02088364_2000.jpg,n02112018-Pomeranian/n02112018_2896.jpg,n02088364-beagle,n02112018-Pomeranian,train,train,10,30,False,False,False,False,train-train
n02088364-beagle/n02088364_2000.jpg,n02112018-Pomeranian/n02112018_6121.jpg,n02088364-beagle,n02112018-Pomeranian,train,train,10,28,False,False,False,False,train-train
n02088364-beagle/n02088364_2000.jpg,n02113624-toy_poodle/n02113624_983.jpg,n02088364-beagle,n02113624-toy_poodle,train,train,10,28,False,False,False,False,train-train
n02088364-beagle/n02088364_2661.jpg,n02100583-vizsla/n02100583_3274.jpg,n02088364-beagle,n02100583-vizsla,test,train,10,26,False,False,False,True,train-test
n02088364-beagle/n02088364_2661.jpg,n02100877-Irish_setter/n02100877_92.jpg,n02088364-beagle,n02100877-Irish_setter,test,train,10,30,False,False,False,True,train-test
n02088364-beagle/n02088364_2661.jpg,n02111500-Great_Pyrenees/n02111500_5618.jpg,n02088364-beagle,n02111500-Great_Pyrenees,test,val,10,28,False,False,False,True,val-test
n02088364-beagle/n02088364_2661.jpg,n02113023-Pembroke/n02113023_5365.jpg,n02088364-beagle,n02113023-Pembroke,test,train,10,30,False,False,False,True,train-test
n02088364-beagle/n02088364_5123.jpg,n02093428-American_Staffordshire_terrier/n02093428_12219.jpg,n02088364-beagle,n02093428-American_Staffordshire_terrier,train,train,10,32,False,False,False,False,train-train
n02088364-beagle/n02088364_5123.jpg,n02093647-Bedlington_terrier/n02093647_2427.jpg,n02088364-beagle,n02093647-Bedlington_terrier,train,train,10,28,False,False,False,False,train-train
n02088364-beagle/n02088364_5123.jpg,n02096585-Boston_bull/n02096585_1172.jpg,n02088364-beagle,n02096585-Boston_bull,train,train,10,30,False,False,False,False,train-train
n02088364-beagle/n02088364_5123.jpg,n02098413-Lhasa/n02098413_17759.jpg,n02088364-beagle,n02098413-Lhasa,train,train,10,28,False,False,False,False,train-train
n02088364-beagle/n02088364_5123.jpg,n02113023-Pembroke/n02113023_894.jpg,n02088364-beagle,n02113023-Pembroke,train,train,10,30,False,False,False,False,train-train
n02088364-beagle/n02088364_639.jpg,n02106166-Border_collie/n02106166_152.jpg,n02088364-beagle,n02106166-Border_collie,val,train,10,14,False,False,False,True,train-val
n02088466-bloodhound/n02088466_1671.jpg,n02093256-Staffordshire_bullterrier/n02093256_3325.jpg,n02088466-bloodhound,n02093256-Staffordshire_bullterrier,train,train,10,36,False,False,False,False,train-train
n02088466-bloodhound/n02088466_7015.jpg,n02105855-Shetland_sheepdog/n02105855_1013.jpg,n02088466-bloodhound,n02105855-Shetland_sheepdog,train,train,10,24,False,False,False,False,train-train
n02088466-bloodhound/n02088466_7032.jpg,n02088632-bluetick/n02088632_1704.jpg,n02088466-bloodhound,n02088632-bluetick,train,train,10,32,False,False,False,False,train-train
n02088466-bloodhound/n02088466_7032.jpg,n02091467-Norwegian_elkhound/n02091467_2122.jpg,n02088466-bloodhound,n02091467-Norwegian_elkhound,train,train,10,26,False,False,False,False,train-train
n02088466-bloodhound/n02088466_7032.jpg,n02100583-vizsla/n02100583_11701.jpg,n02088466-bloodhound,n02100583-vizsla,train,train,10,36,False,False,False,False,train-train
n02088466-bloodhound/n02088466_7032.jpg,n02112018-Pomeranian/n02112018_2896.jpg,n02088466-bloodhound,n02112018-Pomeranian,train,train,10,36,False,False,False,False,train-train
n02088466-bloodhound/n02088466_8078.jpg,n02105855-Shetland_sheepdog/n02105855_1013.jpg,n02088466-bloodhound,n02105855-Shetland_sheepdog,train,train,10,24,False,False,False,False,train-train
n02088466-bloodhound/n02088466_8772.jpg,n02106166-Border_collie/n02106166_678.jpg,n02088466-bloodhound,n02106166-Border_collie,val,train,10,20,False,False,False,True,train-val
n02088466-bloodhound/n02088466_9029.jpg,n02104365-schipperke/n02104365_675.jpg,n02088466-bloodhound,n02104365-schipperke,train,train,10,26,False,False,False,False,train-train
n02088466-bloodhound/n02088466_9029.jpg,n02106550-Rottweiler/n02106550_5133.jpg,n02088466-bloodhound,n02106550-Rottweiler,train,train,10,32,False,False,False,False,train-train
n02088466-bloodhound/n02088466_9029.jpg,n02113799-standard_poodle/n02113799_2068.jpg,n02088466-bloodhound,n02113799-standard_poodle,train,test,10,28,False,False,False,True,train-test
n02088632-bluetick/n02088632_1625.jpg,n02098413-Lhasa/n02098413_17759.jpg,n02088632-bluetick,n02098413-Lhasa,train,train,10,20,False,False,False,False,train-train
n02088632-bluetick/n02088632_1704.jpg,n02093428-American_Staffordshire_terrier/n02093428_17557.jpg,n02088632-bluetick,n02093428-American_Staffordshire_terrier,train,val,10,22,False,False,False,True,train-val
n02088632-bluetick/n02088632_1704.jpg,n02097047-miniature_schnauzer/n02097047_2865.jpg,n02088632-bluetick,n02097047-miniature_schnauzer,train,train,10,24,False,False,False,False,train-train
n02088632-bluetick/n02088632_255.jpg,n02102973-Irish_water_spaniel/n02102973_3149.jpg,n02088632-bluetick,n02102973-Irish_water_spaniel,train,train,10,20,False,False,False,False,train-train
n02088632-bluetick/n02088632_369.jpg,n02102177-Welsh_springer_spaniel/n02102177_1128.jpg,n02088632-bluetick,n02102177-Welsh_springer_spaniel,train,val,10,20,False,False,False,True,train-val
n02089078-black-and-tan_coonhound/n02089078_1174.jpg,n02091467-Norwegian_elkhound/n02091467_3849.jpg,n02089078-black-and-tan_coonhound,n02091467-Norwegian_elkhound,train,train,10,16,False,False,False,False,train-train
n02089078-black-and-tan_coonhound/n02089078_393.jpg,n02091134-whippet/n02091134_732.jpg,n02089078-black-and-tan_coonhound,n02091134-whippet,train,train,10,12,False,False,False,False,train-train
n02089078-black-and-tan_coonhound/n02089078_45.jpg,n02106550-Rottweiler/n02106550_11444.jpg,n02089078-black-and-tan_coonhound,n02106550-Rottweiler,train,val,10,26,False,False,False,True,train-val
n02089867-Walker_hound/n02089867_1048.jpg,n02099712-Labrador_retriever/n02099712_8014.jpg,n02089867-Walker_hound,n02099712-Labrador_retriever,train,test,10,26,False,False,False,True,train-test
n02089867-Walker_hound/n02089867_1048.jpg,n02105505-komondor/n02105505_2760.jpg,n02089867-Walker_hound,n02105505-komondor,train,train,10,28,False,False,False,False,train-train
n02089867-Walker_hound/n02089867_348.jpg,n02097209-standard_schnauzer/n02097209_548.jpg,n02089867-Walker_hound,n02097209-standard_schnauzer,train,test,10,22,False,False,False,True,train-test
n02089867-Walker_hound/n02089867_90.jpg,n02099267-flat-coated_retriever/n02099267_2375.jpg,n02089867-Walker_hound,n02099267-flat-coated_retriever,test,train,10,30,False,False,False,True,train-test
n02089867-Walker_hound/n02089867_90.jpg,n02099601-golden_retriever/n02099601_238.jpg,n02089867-Walker_hound,n02099601-golden_retriever,test,train,10,32,False,False,False,True,train-test
n02089867-Walker_hound/n02089867_90.jpg,n02107312-miniature_pinscher/n02107312_254.jpg,n02089867-Walker_hound,n02107312-miniature_pinscher,test,train,10,28,False,False,False,True,train-test
n02089867-Walker_hound/n02089867_953.jpg,n02100583-vizsla/n02100583_1969.jpg,n02089867-Walker_hound,n02100583-vizsla,train,train,10,26,False,False,False,False,train-train
n02089973-English_foxhound/n02089973_2073.jpg,n02104365-schipperke/n02104365_1852.jpg,n02089973-English_foxhound,n02104365-schipperke,val,test,10,30,False,False,False,True,val-test
n02089973-English_foxhound/n02089973_263.jpg,n02094114-Norfolk_terrier/n02094114_2691.jpg,n02089973-English_foxhound,n02094114-Norfolk_terrier,test,test,10,28,False,False,False,False,test-test
n02089973-English_foxhound/n02089973_382.jpg,n02091635-otterhound/n02091635_4705.jpg,n02089973-English_foxhound,n02091635-otterhound,train,train,10,24,False,False,False,False,train-train
n02089973-English_foxhound/n02089973_48.jpg,n02097130-giant_schnauzer/n02097130_1235.jpg,n02089973-English_foxhound,n02097130-giant_schnauzer,val,train,10,28,False,False,False,True,train-val
n02089973-English_foxhound/n02089973_981.jpg,n02091635-otterhound/n02091635_3615.jpg,n02089973-English_foxhound,n02091635-otterhound,train,train,10,24,False,False,False,False,train-train
n02089973-English_foxhound/n02089973_981.jpg,n02091635-otterhound/n02091635_4705.jpg,n02089973-English_foxhound,n02091635-otterhound,train,train,10,24,False,False,False,False,train-train
n02090379-redbone/n02090379_1359.jpg,n02102973-Irish_water_spaniel/n02102973_3844.jpg,n02090379-redbone,n02102973-Irish_water_spaniel,val,val,10,28,False,False,False,False,val-val
n02090379-redbone/n02090379_2066.jpg,n02100583-vizsla/n02100583_3274.jpg,n02090379-redbone,n02100583-vizsla,train,train,10,30,False,False,False,False,train-train
n02090379-redbone/n02090379_3410.jpg,n02113799-standard_poodle/n02113799_3054.jpg,n02090379-redbone,n02113799-standard_poodle,train,train,10,22,False,False,False,False,train-train
n02090379-redbone/n02090379_3943.jpg,n02113978-Mexican_hairless/n02113978_2073.jpg,n02090379-redbone,n02113978-Mexican_hairless,train,train,10,20,False,False,False,False,train-train
n02090379-redbone/n02090379_4054.jpg,n02098413-Lhasa/n02098413_7979.jpg,n02090379-redbone,n02098413-Lhasa,train,train,10,24,False,False,False,False,train-train
n02090379-redbone/n02090379_4054.jpg,n02100236-German_short-haired_pointer/n02100236_4235.jpg,n02090379-redbone,n02100236-German_short-haired_pointer,train,train,10,26,False,False,False,False,train-train
n02090622-borzoi/n02090622_10619.jpg,n02093859-Kerry_blue_terrier/n02093859_640.jpg,n02090622-borzoi,n02093859-Kerry_blue_terrier,train,train,10,26,False,False,False,False,train-train
n02090622-borzoi/n02090622_391.jpg,n02090721-Irish_wolfhound/n02090721_5759.jpg,n02090622-borzoi,n02090721-Irish_wolfhound,train,val,10,28,False,False,False,True,train-val
n02090622-borzoi/n02090622_7232.jpg,n02111889-Samoyed/n02111889_597.jpg,n02090622-borzoi,n02111889-Samoyed,train,train,10,24,False,False,False,False,train-train
n02090622-borzoi/n02090622_7489.jpg,n02113712-miniature_poodle/n02113712_2045.jpg,n02090622-borzoi,n02113712-miniature_poodle,train,train,10,18,False,False,False,False,train-train
n02090622-borzoi/n02090622_7619.jpg,n02093859-Kerry_blue_terrier/n02093859_2834.jpg,n02090622-borzoi,n02093859-Kerry_blue_terrier,train,train,10,24,False,False,False,False,train-train
n02090622-borzoi/n02090622_7619.jpg,n02094114-Norfolk_terrier/n02094114_1497.jpg,n02090622-borzoi,n02094114-Norfolk_terrier,train,train,10,24,False,False,False,False,train-train
n02090622-borzoi/n02090622_9278.jpg,n02115641-dingo/n02115641_6407.jpg,n02090622-borzoi,n02115641-dingo,train,train,10,28,False,False,False,False,train-train
n02090622-borzoi/n02090622_9662.jpg,n02092002-Scottish_deerhound/n02092002_2097.jpg,n02090622-borzoi,n02092002-Scottish_deerhound,train,train,10,28,False,False,False,False,train-train
n02090622-borzoi/n02090622_9662.jpg,n02096177-cairn/n02096177_10414.jpg,n02090622-borzoi,n02096177-cairn,train,test,10,28,False,False,False,True,train-test
n02090622-borzoi/n02090622_9662.jpg,n02107312-miniature_pinscher/n02107312_2300.jpg,n02090622-borzoi,n02107312-miniature_pinscher,train,train,10,30,False,False,False,False,train-train
n02090622-borzoi/n02090622_9662.jpg,n02113624-toy_poodle/n02113624_1077.jpg,n02090622-borzoi,n02113624-toy_poodle,train,val,10,28,False,False,False,True,train-val
n02090721-Irish_wolfhound/n02090721_1979.jpg,n02110185-Siberian_husky/n02110185_9086.jpg,n02090721-Irish_wolfhound,n02110185-Siberian_husky,train,train,10,28,False,False,False,False,train-train
n02090721-Irish_wolfhound/n02090721_4203.jpg,n02098413-Lhasa/n02098413_178.jpg,n02090721-Irish_wolfhound,n02098413-Lhasa,train,train,10,28,False,False,False,False,train-train
n02090721-Irish_wolfhound/n02090721_4353.jpg,n02111277-Newfoundland/n02111277_1394.jpg,n02090721-Irish_wolfhound,n02111277-Newfoundland,train,train,10,26,False,False,False,False,train-train
n02090721-Irish_wolfhound/n02090721_5880.jpg,n02104365-schipperke/n02104365_6489.jpg,n02090721-Irish_wolfhound,n02104365-schipperke,train,train,10,26,False,False,False,False,train-train
n02090721-Irish_wolfhound/n02090721_649.jpg,n02106382-Bouvier_des_Flandres/n02106382_4532.jpg,n02090721-Irish_wolfhound,n02106382-Bouvier_des_Flandres,val,train,10,26,False,False,False,True,train-val
n02091032-Italian_greyhound/n02091032_309.jpg,n02099429-curly-coated_retriever/n02099429_3159.jpg,n02091032-Italian_greyhound,n02099429-curly-coated_retriever,train,train,10,22,False,False,False,False,train-train
n02091032-Italian_greyhound/n02091032_4659.jpg,n02104365-schipperke/n02104365_5967.jpg,n02091032-Italian_greyhound,n02104365-schipperke,train,train,10,20,False,False,False,False,train-train
n02091032-Italian_greyhound/n02091032_8150.jpg,n02096051-Airedale/n02096051_5285.jpg,n02091032-Italian_greyhound,n02096051-Airedale,train,train,10,26,False,False,False,False,train-train
n02091032-Italian_greyhound/n02091032_978.jpg,n02107142-Doberman/n02107142_17147.jpg,n02091032-Italian_greyhound,n02107142-Doberman,val,train,10,28,False,False,False,True,train-val
n02091134-whippet/n02091134_39.jpg,n02094258-Norwich_terrier/n02094258_90.jpg,n02091134-whippet,n02094258-Norwich_terrier,train,train,10,22,False,False,False,False,train-train
n02091134-whippet/n02091134_5630.jpg,n02107908-Appenzeller/n02107908_1575.jpg,n02091134-whippet,n02107908-Appenzeller,val,train,10,24,False,False,False,True,train-val
n02091134-whippet/n02091134_682.jpg,n02107142-Doberman/n02107142_9621.jpg,n02091134-whippet,n02107142-Doberman,train,val,10,22,False,False,False,True,train-val
n02091244-Ibizan_hound/n02091244_1496.jpg,n02113023-Pembroke/n02113023_1825.jpg,n02091244-Ibizan_hound,n02113023-Pembroke,train,train,10,34,False,False,False,False,train-train
n02091244-Ibizan_hound/n02091244_1635.jpg,n02110063-malamute/n02110063_13413.jpg,n02091244-Ibizan_hound,n02110063-malamute,train,val,10,26,False,False,False,True,train-val
n02091244-Ibizan_hound/n02091244_169.jpg,n02093991-Irish_terrier/n02093991_2973.jpg,n02091244-Ibizan_hound,n02093991-Irish_terrier,train,train,10,32,False,False,False,False,train-train
n02091244-Ibizan_hound/n02091244_175.jpg,n02112018-Pomeranian/n02112018_2821.jpg,n02091244-Ibizan_hound,n02112018-Pomeranian,train,val,10,24,False,False,False,True,train-val
n02091244-Ibizan_hound/n02091244_3315.jpg,n02095570-Lakeland_terrier/n02095570_163.jpg,n02091244-Ibizan_hound,n02095570-Lakeland_terrier,val,train,10,22,False,False,False,True,train-val
n02091244-Ibizan_hound/n02091244_4221.jpg,n02091244-Ibizan_hound/n02091244_873.jpg,n02091244-Ibizan_hound,n02091244-Ibizan_hound,train,train,10,14,False,False,True,False,train-train
n02091244-Ibizan_hound/n02091244_4221.jpg,n02091635-otterhound/n02091635_4705.jpg,n02091244-Ibizan_hound,n02091635-otterhound,train,train,10,20,False,False,False,False,train-train
n02091244-Ibizan_hound/n02091244_4778.jpg,n02100735-English_setter/n02100735_2145.jpg,n02091244-Ibizan_hound,n02100735-English_setter,train,train,10,22,False,False,False,False,train-train
n02091244-Ibizan_hound/n02091244_5571.jpg,n02091467-Norwegian_elkhound/n02091467_2122.jpg,n02091244-Ibizan_hound,n02091467-Norwegian_elkhound,train,train,10,30,False,False,False,False,train-train
n02091244-Ibizan_hound/n02091244_873.jpg,n02104029-kuvasz/n02104029_2659.jpg,n02091244-Ibizan_hound,n02104029-kuvasz,train,val,10,18,False,False,False,True,train-val
n02091467-Norwegian_elkhound/n02091467_1330.jpg,n02113186-Cardigan/n02113186_9902.jpg,n02091467-Norwegian_elkhound,n02113186-Cardigan,train,train,10,28,False,False,False,False,train-train
n02091467-Norwegian_elkhound/n02091467_2122.jpg,n02102318-cocker_spaniel/n02102318_10697.jpg,n02091467-Norwegian_elkhound,n02102318-cocker_spaniel,train,train,10,28,False,False,False,False,train-train
n02091467-Norwegian_elkhound/n02091467_2122.jpg,n02105641-Old_English_sheepdog/n02105641_523.jpg,n02091467-Norwegian_elkhound,n02105641-Old_English_sheepdog,train,test,10,30,False,False,False,True,train-test
n02091467-Norwegian_elkhound/n02091467_2122.jpg,n02108422-bull_mastiff/n02108422_3086.jpg,n02091467-Norwegian_elkhound,n02108422-bull_mastiff,train,train,10,24,False,False,False,False,train-train
n02091467-Norwegian_elkhound/n02091467_2122.jpg,n02111500-Great_Pyrenees/n02111500_6401.jpg,n02091467-Norwegian_elkhound,n02111500-Great_Pyrenees,train,train,10,26,False,False,False,False,train-train
n02091467-Norwegian_elkhound/n02091467_2122.jpg,n02112018-Pomeranian/n02112018_4148.jpg,n02091467-Norwegian_elkhound,n02112018-Pomeranian,train,test,10,32,False,False,False,True,train-test
n02091467-Norwegian_elkhound/n02091467_217.jpg,n02107312-miniature_pinscher/n02107312_1207.jpg,n02091467-Norwegian_elkhound,n02107312-miniature_pinscher,train,train,10,26,False,False,False,False,train-train
n02091467-Norwegian_elkhound/n02091467_217.jpg,n02107312-miniature_pinscher/n02107312_254.jpg,n02091467-Norwegian_elkhound,n02107312-miniature_pinscher,train,train,10,22,False,False,False,False,train-train
n02091467-Norwegian_elkhound/n02091467_217.jpg,n02110627-affenpinscher/n02110627_8949.jpg,n02091467-Norwegian_elkhound,n02110627-affenpinscher,train,train,10,28,False,False,False,False,train-train
n02091467-Norwegian_elkhound/n02091467_3098.jpg,n02099601-golden_retriever/n02099601_238.jpg,n02091467-Norwegian_elkhound,n02099601-golden_retriever,train,train,10,22,False,False,False,False,train-train
n02091467-Norwegian_elkhound/n02091467_3098.jpg,n02113624-toy_poodle/n02113624_8943.jpg,n02091467-Norwegian_elkhound,n02113624-toy_poodle,train,train,10,34,False,False,False,False,train-train
n02091467-Norwegian_elkhound/n02091467_3747.jpg,n02093256-Staffordshire_bullterrier/n02093256_3325.jpg,n02091467-Norwegian_elkhound,n02093256-Staffordshire_bullterrier,train,train,10,28,False,False,False,False,train-train
n02091467-Norwegian_elkhound/n02091467_4268.jpg,n02113712-miniature_poodle/n02113712_4526.jpg,n02091467-Norwegian_elkhound,n02113712-miniature_poodle,train,train,10,28,False,False,False,False,train-train
n02091467-Norwegian_elkhound/n02091467_4436.jpg,n02113023-Pembroke/n02113023_1825.jpg,n02091467-Norwegian_elkhound,n02113023-Pembroke,train,train,10,36,False,False,False,False,train-train
n02091467-Norwegian_elkhound/n02091467_5134.jpg,n02109047-Great_Dane/n02109047_12467.jpg,n02091467-Norwegian_elkhound,n02109047-Great_Dane,train,val,10,20,False,False,False,True,train-val
n02091467-Norwegian_elkhound/n02091467_6240.jpg,n02095570-Lakeland_terrier/n02095570_5955.jpg,n02091467-Norwegian_elkhound,n02095570-Lakeland_terrier,train,train,10,26,False,False,False,False,train-train
n02091467-Norwegian_elkhound/n02091467_6240.jpg,n02111500-Great_Pyrenees/n02111500_9116.jpg,n02091467-Norwegian_elkhound,n02111500-Great_Pyrenees,train,train,10,26,False,False,False,False,train-train
n02091467-Norwegian_elkhound/n02091467_6240.jpg,n02112137-chow/n02112137_3706.jpg,n02091467-Norwegian_elkhound,n02112137-chow,train,train,10,20,False,False,False,False,train-train
n02091467-Norwegian_elkhound/n02091467_6240.jpg,n02115913-dhole/n02115913_1060.jpg,n02091467-Norwegian_elkhound,n02115913-dhole,train,val,10,30,False,False,False,True,train-val
n02091467-Norwegian_elkhound/n02091467_879.jpg,n02098286-West_Highland_white_terrier/n02098286_721.jpg,n02091467-Norwegian_elkhound,n02098286-West_Highland_white_terrier,train,train,10,32,False,False,False,False,train-train
n02091635-otterhound/n02091635_1319.jpg,n02091635-otterhound/n02091635_426.jpg,n02091635-otterhound,n02091635-otterhound,test,train,10,12,False,False,True,True,train-test
n02091635-otterhound/n02091635_1568.jpg,n02102318-cocker_spaniel/n02102318_4172.jpg,n02091635-otterhound,n02102318-cocker_spaniel,train,val,10,32,False,False,False,True,train-val
n02091635-otterhound/n02091635_2377.jpg,n02105056-groenendael/n02105056_2678.jpg,n02091635-otterhound,n02105056-groenendael,train,val,10,36,False,False,False,True,train-val
n02091635-otterhound/n02091635_2603.jpg,n02091635-otterhound/n02091635_4068.jpg,n02091635-otterhound,n02091635-otterhound,val,train,10,28,False,False,True,True,train-val
n02091635-otterhound/n02091635_2958.jpg,n02101006-Gordon_setter/n02101006_3103.jpg,n02091635-otterhound,n02101006-Gordon_setter,train,test,10,22,False,False,False,True,train-test
n02091635-otterhound/n02091635_2958.jpg,n02113186-Cardigan/n02113186_11446.jpg,n02091635-otterhound,n02113186-Cardigan,train,train,10,26,False,False,False,False,train-train
n02091831-Saluki/n02091831_10823.jpg,n02111500-Great_Pyrenees/n02111500_9116.jpg,n02091831-Saluki,n02111500-Great_Pyrenees,train,train,10,26,False,False,False,False,train-train
n02091831-Saluki/n02091831_10823.jpg,n02112018-Pomeranian/n02112018_2711.jpg,n02091831-Saluki,n02112018-Pomeranian,train,train,10,24,False,False,False,False,train-train
n02091831-Saluki/n02091831_10823.jpg,n02112137-chow/n02112137_12685.jpg,n02091831-Saluki,n02112137-chow,train,train,10,26,False,False,False,False,train-train
n02091831-Saluki/n02091831_10823.jpg,n02115913-dhole/n02115913_1060.jpg,n02091831-Saluki,n02115913-dhole,train,val,10,24,False,False,False,True,train-val
n02091831-Saluki/n02091831_1387.jpg,n02113186-Cardigan/n02113186_11073.jpg,n02091831-Saluki,n02113186-Cardigan,test,train,10,28,False,False,False,True,train-test
n02091831-Saluki/n02091831_1387.jpg,n02113978-Mexican_hairless/n02113978_505.jpg,n02091831-Saluki,n02113978-Mexican_hairless,test,train,10,24,False,False,False,True,train-test
n02091831-Saluki/n02091831_3899.jpg,n02111129-Leonberg/n02111129_1661.jpg,n02091831-Saluki,n02111129-Leonberg,train,test,10,18,False,False,False,True,train-test
n02091831-Saluki/n02091831_3909.jpg,n02107312-miniature_pinscher/n02107312_1207.jpg,n02091831-Saluki,n02107312-miniature_pinscher,train,train,10,24,False,False,False,False,train-train
n02091831-Saluki/n02091831_4667.jpg,n02099267-flat-coated_retriever/n02099267_5001.jpg,n02091831-Saluki,n02099267-flat-coated_retriever,test,test,10,28,False,False,False,False,test-test
n02092002-Scottish_deerhound/n02092002_11105.jpg,n02111277-Newfoundland/n02111277_6213.jpg,n02092002-Scottish_deerhound,n02111277-Newfoundland,val,train,10,28,False,False,False,True,train-val
n02092002-Scottish_deerhound/n02092002_14369.jpg,n02112137-chow/n02112137_3706.jpg,n02092002-Scottish_deerhound,n02112137-chow,train,train,10,28,False,False,False,False,train-train
n02092002-Scottish_deerhound/n02092002_2097.jpg,n02099601-golden_retriever/n02099601_7304.jpg,n02092002-Scottish_deerhound,n02099601-golden_retriever,train,train,10,24,False,False,False,False,train-train
n02092002-Scottish_deerhound/n02092002_2294.jpg,n02099601-golden_retriever/n02099601_7993.jpg,n02092002-Scottish_deerhound,n02099601-golden_retriever,train,train,10,34,False,False,False,False,train-train
n02092002-Scottish_deerhound/n02092002_305.jpg,n02098413-Lhasa/n02098413_21040.jpg,n02092002-Scottish_deerhound,n02098413-Lhasa,train,train,10,26,False,False,False,False,train-train
n02092002-Scottish_deerhound/n02092002_7791.jpg,n02105056-groenendael/n02105056_6827.jpg,n02092002-Scottish_deerhound,n02105056-groenendael,train,train,10,36,False,False,False,False,train-train
n02092002-Scottish_deerhound/n02092002_942.jpg,n02098413-Lhasa/n02098413_2607.jpg,n02092002-Scottish_deerhound,n02098413-Lhasa,train,train,10,26,False,False,False,False,train-train
n02092339-Weimaraner/n02092339_14.jpg,n02100735-English_setter/n02100735_4040.jpg,n02092339-Weimaraner,n02100735-English_setter,train,train,10,26,False,False,False,False,train-train
n02092339-Weimaraner/n02092339_1796.jpg,n02099849-Chesapeake_Bay_retriever/n02099849_541.jpg,n02092339-Weimaraner,n02099849-Chesapeake_Bay_retriever,train,train,10,30,False,False,False,False,train-train
n02092339-Weimaraner/n02092339_1796.jpg,n02112137-chow/n02112137_17733.jpg,n02092339-Weimaraner,n02112137-chow,train,val,10,26,False,False,False,True,train-val
n02092339-Weimaraner/n02092339_2006.jpg,n02094258-Norwich_terrier/n02094258_848.jpg,n02092339-Weimaraner,n02094258-Norwich_terrier,train,train,10,24,False,False,False,False,train-train
n02092339-Weimaraner/n02092339_436.jpg,n02099267-flat-coated_retriever/n02099267_5745.jpg,n02092339-Weimaraner,n02099267-flat-coated_retriever,train,train,10,22,False,False,False,False,train-train
n02092339-Weimaraner/n02092339_439.jpg,n02097658-silky_terrier/n02097658_11235.jpg,n02092339-Weimaraner,n02097658-silky_terrier,train,test,10,26,False,False,False,True,train-test
n02092339-Weimaraner/n02092339_439.jpg,n02110627-affenpinscher/n02110627_8949.jpg,n02092339-Weimaraner,n02110627-affenpinscher,train,train,10,32,False,False,False,False,train-train
n02092339-Weimaraner/n02092339_439.jpg,n02111129-Leonberg/n02111129_4677.jpg,n02092339-Weimaraner,n02111129-Leonberg,train,train,10,24,False,False,False,False,train-train
n02092339-Weimaraner/n02092339_439.jpg,n02113186-Cardigan/n02113186_9902.jpg,n02092339-Weimaraner,n02113186-Cardigan,train,train,10,32,False,False,False,False,train-train
n02092339-Weimaraner/n02092339_439.jpg,n02113624-toy_poodle/n02113624_3864.jpg,n02092339-Weimaraner,n02113624-toy_poodle,train,train,10,30,False,False,False,False,train-train
n02092339-Weimaraner/n02092339_439.jpg,n02113624-toy_poodle/n02113624_8943.jpg,n02092339-Weimaraner,n02113624-toy_poodle,train,train,10,28,False,False,False,False,train-train
n02092339-Weimaraner/n02092339_511.jpg,n02107142-Doberman/n02107142_7205.jpg,n02092339-Weimaraner,n02107142-Doberman,val,train,10,16,False,False,False,True,train-val
n02092339-Weimaraner/n02092339_5845.jpg,n02095570-Lakeland_terrier/n02095570_4343.jpg,n02092339-Weimaraner,n02095570-Lakeland_terrier,train,train,10,26,False,False,False,False,train-train
n02092339-Weimaraner/n02092339_5845.jpg,n02111889-Samoyed/n02111889_5680.jpg,n02092339-Weimaraner,n02111889-Samoyed,train,train,10,34,False,False,False,False,train-train
n02092339-Weimaraner/n02092339_5845.jpg,n02112018-Pomeranian/n02112018_2896.jpg,n02092339-Weimaraner,n02112018-Pomeranian,train,train,10,32,False,False,False,False,train-train
n02093256-Staffordshire_bullterrier/n02093256_1134.jpg,n02093859-Kerry_blue_terrier/n02093859_2114.jpg,n02093256-Staffordshire_bullterrier,n02093859-Kerry_blue_terrier,train,train,10,24,False,False,False,False,train-train
n02093256-Staffordshire_bullterrier/n02093256_1371.jpg,n02097209-standard_schnauzer/n02097209_1531.jpg,n02093256-Staffordshire_bullterrier,n02097209-standard_schnauzer,test,train,10,14,False,False,False,True,train-test
n02093256-Staffordshire_bullterrier/n02093256_1384.jpg,n02111277-Newfoundland/n02111277_13845.jpg,n02093256-Staffordshire_bullterrier,n02111277-Newfoundland,train,train,10,26,False,False,False,False,train-train
n02093256-Staffordshire_bullterrier/n02093256_1854.jpg,n02099429-curly-coated_retriever/n02099429_2263.jpg,n02093256-Staffordshire_bullterrier,n02099429-curly-coated_retriever,train,train,10,28,False,False,False,False,train-train
n02093256-Staffordshire_bullterrier/n02093256_1854.jpg,n02099429-curly-coated_retriever/n02099429_3513.jpg,n02093256-Staffordshire_bullterrier,n02099429-curly-coated_retriever,train,train,10,28,False,False,False,False,train-train
n02093256-Staffordshire_bullterrier/n02093256_2557.jpg,n02095314-wire-haired_fox_terrier/n02095314_2863.jpg,n02093256-Staffordshire_bullterrier,n02095314-wire-haired_fox_terrier,train,val,10,26,False,False,False,True,train-val
n02093256-Staffordshire_bullterrier/n02093256_2557.jpg,n02097130-giant_schnauzer/n02097130_2135.jpg,n02093256-Staffordshire_bullterrier,n02097130-giant_schnauzer,train,train,10,34,False,False,False,False,train-train
n02093256-Staffordshire_bullterrier/n02093256_2557.jpg,n02097298-Scotch_terrier/n02097298_9721.jpg,n02093256-Staffordshire_bullterrier,n02097298-Scotch_terrier,train,test,10,26,False,False,False,True,train-test
n02093256-Staffordshire_bullterrier/n02093256_2557.jpg,n02102318-cocker_spaniel/n02102318_10218.jpg,n02093256-Staffordshire_bullterrier,n02102318-cocker_spaniel,train,val,10,26,False,False,False,True,train-val
n02093256-Staffordshire_bullterrier/n02093256_2975.jpg,n02112350-keeshond/n02112350_7893.jpg,n02093256-Staffordshire_bullterrier,n02112350-keeshond,train,train,10,26,False,False,False,False,train-train
n02093256-Staffordshire_bullterrier/n02093256_2975.jpg,n02113712-miniature_poodle/n02113712_3079.jpg,n02093256-Staffordshire_bullterrier,n02113712-miniature_poodle,train,train,10,28,False,False,False,False,train-train
n02093256-Staffordshire_bullterrier/n02093256_2987.jpg,n02107312-miniature_pinscher/n02107312_1207.jpg,n02093256-Staffordshire_bullterrier,n02107312-miniature_pinscher,train,train,10,22,False,False,False,False,train-train
n02093256-Staffordshire_bullterrier/n02093256_2987.jpg,n02113799-standard_poodle/n02113799_1922.jpg,n02093256-Staffordshire_bullterrier,n02113799-standard_poodle,train,train,10,16,False,False,False,False,train-train
n02093256-Staffordshire_bullterrier/n02093256_3325.jpg,n02100735-English_setter/n02100735_4.jpg,n02093256-Staffordshire_bullterrier,n02100735-English_setter,train,train,10,36,False,False,False,False,train-train
n02093256-Staffordshire_bullterrier/n02093256_3325.jpg,n02102318-cocker_spaniel/n02102318_10218.jpg,n02093256-Staffordshire_bullterrier,n02102318-cocker_spaniel,train,val,10,22,False,False,False,True,train-val
n02093256-Staffordshire_bullterrier/n02093256_3325.jpg,n02105505-komondor/n02105505_3576.jpg,n02093256-Staffordshire_bullterrier,n02105505-komondor,train,train,10,30,False,False,False,False,train-train
n02093256-Staffordshire_bullterrier/n02093256_3378.jpg,n02107142-Doberman/n02107142_13483.jpg,n02093256-Staffordshire_bullterrier,n02107142-Doberman,train,train,10,26,False,False,False,False,train-train
n02093256-Staffordshire_bullterrier/n02093256_4452.jpg,n02107142-Doberman/n02107142_17575.jpg,n02093256-Staffordshire_bullterrier,n02107142-Doberman,train,train,10,24,False,False,False,False,train-train
n02093256-Staffordshire_bullterrier/n02093256_5654.jpg,n02102480-Sussex_spaniel/n02102480_7189.jpg,n02093256-Staffordshire_bullterrier,n02102480-Sussex_spaniel,train,train,10,20,False,False,False,False,train-train
n02093256-Staffordshire_bullterrier/n02093256_898.jpg,n02102973-Irish_water_spaniel/n02102973_623.jpg,n02093256-Staffordshire_bullterrier,n02102973-Irish_water_spaniel,train,train,10,22,False,False,False,False,train-train
n02093428-American_Staffordshire_terrier/n02093428_10164.jpg,n02093428-American_Staffordshire_terrier/n02093428_3800.jpg,n02093428-American_Staffordshire_terrier,n02093428-American_Staffordshire_terrier,train,train,10,30,False,False,True,False,train-train
n02093428-American_Staffordshire_terrier/n02093428_11926.jpg,n02102480-Sussex_spaniel/n02102480_5792.jpg,n02093428-American_Staffordshire_terrier,n02102480-Sussex_spaniel,train,train,10,28,False,False,False,False,train-train
n02093428-American_Staffordshire_terrier/n02093428_17557.jpg,n02095570-Lakeland_terrier/n02095570_4626.jpg,n02093428-American_Staffordshire_terrier,n02095570-Lakeland_terrier,val,train,10,24,False,False,False,True,train-val
n02093428-American_Staffordshire_terrier/n02093428_17557.jpg,n02098286-West_Highland_white_terrier/n02098286_2173.jpg,n02093428-American_Staffordshire_terrier,n02098286-West_Highland_white_terrier,val,train,10,14,False,False,False,True,train-val
n02093428-American_Staffordshire_terrier/n02093428_17557.jpg,n02098286-West_Highland_white_terrier/n02098286_751.jpg,n02093428-American_Staffordshire_terrier,n02098286-West_Highland_white_terrier,val,val,10,26,False,False,False,False,val-val
n02093428-American_Staffordshire_terrier/n02093428_17557.jpg,n02100877-Irish_setter/n02100877_92.jpg,n02093428-American_Staffordshire_terrier,n02100877-Irish_setter,val,train,10,28,False,False,False,True,train-val
n02093428-American_Staffordshire_terrier/n02093428_17557.jpg,n02105641-Old_English_sheepdog/n02105641_523.jpg,n02093428-American_Staffordshire_terrier,n02105641-Old_English_sheepdog,val,test,10,30,False,False,False,True,val-test
n02093428-American_Staffordshire_terrier/n02093428_17557.jpg,n02110806-basenji/n02110806_1674.jpg,n02093428-American_Staffordshire_terrier,n02110806-basenji,val,train,10,34,False,False,False,True,train-val
n02093428-American_Staffordshire_terrier/n02093428_17557.jpg,n02111500-Great_Pyrenees/n02111500_5618.jpg,n02093428-American_Staffordshire_terrier,n02111500-Great_Pyrenees,val,val,10,26,False,False,False,False,val-val
n02093428-American_Staffordshire_terrier/n02093428_17557.jpg,n02111500-Great_Pyrenees/n02111500_6401.jpg,n02093428-American_Staffordshire_terrier,n02111500-Great_Pyrenees,val,train,10,34,False,False,False,True,train-val
n02093428-American_Staffordshire_terrier/n02093428_17557.jpg,n02112018-Pomeranian/n02112018_6121.jpg,n02093428-American_Staffordshire_terrier,n02112018-Pomeranian,val,train,10,26,False,False,False,True,train-val
n02093428-American_Staffordshire_terrier/n02093428_19906.jpg,n02112018-Pomeranian/n02112018_692.jpg,n02093428-American_Staffordshire_terrier,n02112018-Pomeranian,val,train,10,24,False,False,False,True,train-val
n02093428-American_Staffordshire_terrier/n02093428_3800.jpg,n02105855-Shetland_sheepdog/n02105855_4897.jpg,n02093428-American_Staffordshire_terrier,n02105855-Shetland_sheepdog,train,test,10,22,False,False,False,True,train-test
n02093428-American_Staffordshire_terrier/n02093428_4997.jpg,n02111277-Newfoundland/n02111277_3454.jpg,n02093428-American_Staffordshire_terrier,n02111277-Newfoundland,train,train,10,22,False,False,False,False,train-train
n02093428-American_Staffordshire_terrier/n02093428_5297.jpg,n02107312-miniature_pinscher/n02107312_7338.jpg,n02093428-American_Staffordshire_terrier,n02107312-miniature_pinscher,test,train,10,28,False,False,False,True,train-test
n02093428-American_Staffordshire_terrier/n02093428_6437.jpg,n02107142-Doberman/n02107142_14813.jpg,n02093428-American_Staffordshire_terrier,n02107142-Doberman,train,train,10,30,False,False,False,False,train-train
n02093647-Bedlington_terrier/n02093647_1338.jpg,n02098286-West_Highland_white_terrier/n02098286_3573.jpg,n02093647-Bedlington_terrier,n02098286-West_Highland_white_terrier,train,train,10,26,False,False,False,False,train-train
n02093647-Bedlington_terrier/n02093647_1556.jpg,n02111129-Leonberg/n02111129_2138.jpg,n02093647-Bedlington_terrier,n02111129-Leonberg,val,train,10,26,False,False,False,True,train-val
n02093647-Bedlington_terrier/n02093647_1980.jpg,n02102177-Welsh_springer_spaniel/n02102177_964.jpg,n02093647-Bedlington_terrier,n02102177-Welsh_springer_spaniel,train,test,10,28,False,False,False,True,train-test
n02093647-Bedlington_terrier/n02093647_2349.jpg,n02095570-Lakeland_terrier/n02095570_1947.jpg,n02093647-Bedlington_terrier,n02095570-Lakeland_terrier,train,train,10,22,False,False,False,False,train-train
n02093647-Bedlington_terrier/n02093647_2349.jpg,n02108089-boxer/n02108089_485.jpg,n02093647-Bedlington_terrier,n02108089-boxer,train,train,10,30,False,False,False,False,train-train
n02093647-Bedlington_terrier/n02093647_2349.jpg,n02111500-Great_Pyrenees/n02111500_5618.jpg,n02093647-Bedlington_terrier,n02111500-Great_Pyrenees,train,val,10,28,False,False,False,True,train-val
n02093647-Bedlington_terrier/n02093647_2427.jpg,n02100877-Irish_setter/n02100877_92.jpg,n02093647-Bedlington_terrier,n02100877-Irish_setter,train,train,10,30,False,False,False,False,train-train
n02093647-Bedlington_terrier/n02093647_2427.jpg,n02105641-Old_English_sheepdog/n02105641_8576.jpg,n02093647-Bedlington_terrier,n02105641-Old_English_sheepdog,train,test,10,26,False,False,False,True,train-test
n02093647-Bedlington_terrier/n02093647_2427.jpg,n02111500-Great_Pyrenees/n02111500_6401.jpg,n02093647-Bedlington_terrier,n02111500-Great_Pyrenees,train,train,10,20,False,False,False,False,train-train
n02093647-Bedlington_terrier/n02093647_2427.jpg,n02112018-Pomeranian/n02112018_5697.jpg,n02093647-Bedlington_terrier,n02112018-Pomeranian,train,train,10,22,False,False,False,False,train-train
n02093647-Bedlington_terrier/n02093647_3154.jpg,n02115913-dhole/n02115913_4117.jpg,n02093647-Bedlington_terrier,n02115913-dhole,train,train,10,28,False,False,False,False,train-train
n02093647-Bedlington_terrier/n02093647_3154.jpg,n02115913-dhole/n02115913_564.jpg,n02093647-Bedlington_terrier,n02115913-dhole,train,train,10,28,False,False,False,False,train-train
n02093647-Bedlington_terrier/n02093647_3235.jpg,n02113023-Pembroke/n02113023_1616.jpg,n02093647-Bedlington_terrier,n02113023-Pembroke,train,train,10,26,False,False,False,False,train-train
n02093754-Border_terrier/n02093754_1111.jpg,n02112018-Pomeranian/n02112018_2846.jpg,n02093754-Border_terrier,n02112018-Pomeranian,train,train,10,26,False,False,False,False,train-train
n02093754-Border_terrier/n02093754_1111.jpg,n02112350-keeshond/n02112350_7445.jpg,n02093754-Border_terrier,n02112350-keeshond,train,val,10,28,False,False,False,True,train-val
n02093754-Border_terrier/n02093754_4043.jpg,n02101006-Gordon_setter/n02101006_3062.jpg,n02093754-Border_terrier,n02101006-Gordon_setter,train,train,10,28,False,False,False,False,train-train
n02093754-Border_terrier/n02093754_4564.jpg,n02112018-Pomeranian/n02112018_2711.jpg,n02093754-Border_terrier,n02112018-Pomeranian,train,train,10,28,False,False,False,False,train-train
n02093754-Border_terrier/n02093754_4697.jpg,n02113023-Pembroke/n02113023_1136.jpg,n02093754-Border_terrier,n02113023-Pembroke,train,test,10,24,False,False,False,True,train-test
n02093754-Border_terrier/n02093754_51.jpg,n02112018-Pomeranian/n02112018_1325.jpg,n02093754-Border_terrier,n02112018-Pomeranian,train,train,10,20,False,False,False,False,train-train
n02093754-Border_terrier/n02093754_5195.jpg,n02112137-chow/n02112137_15770.jpg,n02093754-Border_terrier,n02112137-chow,val,train,10,26,False,False,False,True,train-val
n02093754-Border_terrier/n02093754_5260.jpg,n02101556-clumber/n02101556_7078.jpg,n02093754-Border_terrier,n02101556-clumber,test,test,10,24,False,False,False,False,test-test
n02093754-Border_terrier/n02093754_5891.jpg,n02095570-Lakeland_terrier/n02095570_2480.jpg,n02093754-Border_terrier,n02095570-Lakeland_terrier,train,val,10,28,False,False,False,True,train-val
n02093754-Border_terrier/n02093754_5891.jpg,n02095570-Lakeland_terrier/n02095570_5955.jpg,n02093754-Border_terrier,n02095570-Lakeland_terrier,train,train,10,30,False,False,False,False,train-train
n02093754-Border_terrier/n02093754_5891.jpg,n02102177-Welsh_springer_spaniel/n02102177_3032.jpg,n02093754-Border_terrier,n02102177-Welsh_springer_spaniel,train,test,10,28,False,False,False,True,train-test
n02093754-Border_terrier/n02093754_5891.jpg,n02105251-briard/n02105251_7654.jpg,n02093754-Border_terrier,n02105251-briard,train,train,10,18,False,False,False,False,train-train
n02093754-Border_terrier/n02093754_5891.jpg,n02109047-Great_Dane/n02109047_12467.jpg,n02093754-Border_terrier,n02109047-Great_Dane,train,val,10,32,False,False,False,True,train-val
n02093754-Border_terrier/n02093754_5891.jpg,n02115913-dhole/n02115913_1060.jpg,n02093754-Border_terrier,n02115913-dhole,train,val,10,40,False,False,False,True,train-val
n02093754-Border_terrier/n02093754_6483.jpg,n02098413-Lhasa/n02098413_9550.jpg,n02093754-Border_terrier,n02098413-Lhasa,val,train,10,22,False,False,False,True,train-val
n02093859-Kerry_blue_terrier/n02093859_1154.jpg,n02097658-silky_terrier/n02097658_727.jpg,n02093859-Kerry_blue_terrier,n02097658-silky_terrier,val,val,10,28,False,False,False,False,val-val
n02093859-Kerry_blue_terrier/n02093859_1166.jpg,n02093859-Kerry_blue_terrier/n02093859_2921.jpg,n02093859-Kerry_blue_terrier,n02093859-Kerry_blue_terrier,val,test,10,16,False,False,True,True,val-test
n02093859-Kerry_blue_terrier/n02093859_14.jpg,n02096294-Australian_terrier/n02096294_3413.jpg,n02093859-Kerry_blue_terrier,n02096294-Australian_terrier,test,train,10,26,False,False,False,True,train-test
n02093859-Kerry_blue_terrier/n02093859_2055.jpg,n02095314-wire-haired_fox_terrier/n02095314_2308.jpg,n02093859-Kerry_blue_terrier,n02095314-wire-haired_fox_terrier,test,test,10,24,False,False,False,False,test-test
n02093859-Kerry_blue_terrier/n02093859_2514.jpg,n02111277-Newfoundland/n02111277_3896.jpg,n02093859-Kerry_blue_terrier,n02111277-Newfoundland,train,train,10,18,False,False,False,False,train-train
n02093859-Kerry_blue_terrier/n02093859_321.jpg,n02111277-Newfoundland/n02111277_3456.jpg,n02093859-Kerry_blue_terrier,n02111277-Newfoundland,train,train,10,24,False,False,False,False,train-train
n02093859-Kerry_blue_terrier/n02093859_3267.jpg,n02110627-affenpinscher/n02110627_11819.jpg,n02093859-Kerry_blue_terrier,n02110627-affenpinscher,train,train,10,20,False,False,False,False,train-train
n02093859-Kerry_blue_terrier/n02093859_3310.jpg,n02099267-flat-coated_retriever/n02099267_482.jpg,n02093859-Kerry_blue_terrier,n02099267-flat-coated_retriever,train,train,10,28,False,False,False,False,train-train
n02093859-Kerry_blue_terrier/n02093859_3310.jpg,n02110627-affenpinscher/n02110627_2911.jpg,n02093859-Kerry_blue_terrier,n02110627-affenpinscher,train,train,10,24,False,False,False,False,train-train
n02093859-Kerry_blue_terrier/n02093859_640.jpg,n02096051-Airedale/n02096051_982.jpg,n02093859-Kerry_blue_terrier,n02096051-Airedale,train,train,10,32,False,False,False,False,train-train
n02093859-Kerry_blue_terrier/n02093859_640.jpg,n02098286-West_Highland_white_terrier/n02098286_617.jpg,n02093859-Kerry_blue_terrier,n02098286-West_Highland_white_terrier,train,train,10,28,False,False,False,False,train-train
n02093859-Kerry_blue_terrier/n02093859_640.jpg,n02106662-German_shepherd/n02106662_9226.jpg,n02093859-Kerry_blue_terrier,n02106662-German_shepherd,train,test,10,30,False,False,False,True,train-test
n02093859-Kerry_blue_terrier/n02093859_640.jpg,n02111889-Samoyed/n02111889_771.jpg,n02093859-Kerry_blue_terrier,n02111889-Samoyed,train,train,10,26,False,False,False,False,train-train
n02093859-Kerry_blue_terrier/n02093859_87.jpg,n02112350-keeshond/n02112350_7893.jpg,n02093859-Kerry_blue_terrier,n02112350-keeshond,train,train,10,26,False,False,False,False,train-train
n02093991-Irish_terrier/n02093991_1407.jpg,n02100877-Irish_setter/n02100877_156.jpg,n02093991-Irish_terrier,n02100877-Irish_setter,train,val,10,20,False,False,False,True,train-val
n02093991-Irish_terrier/n02093991_4524.jpg,n02102973-Irish_water_spaniel/n02102973_721.jpg,n02093991-Irish_terrier,n02102973-Irish_water_spaniel,test,train,10,18,False,False,False,True,train-test
n02093991-Irish_terrier/n02093991_4819.jpg,n02098105-soft-coated_wheaten_terrier/n02098105_3348.jpg,n02093991-Irish_terrier,n02098105-soft-coated_wheaten_terrier,train,train,10,32,False,False,False,False,train-train
n02094114-Norfolk_terrier/n02094114_161.jpg,n02104365-schipperke/n02104365_5967.jpg,n02094114-Norfolk_terrier,n02104365-schipperke,train,train,10,28,False,False,False,False,train-train
n02094114-Norfolk_terrier/n02094114_161.jpg,n02104365-schipperke/n02104365_8466.jpg,n02094114-Norfolk_terrier,n02104365-schipperke,train,train,10,30,False,False,False,False,train-train
n02094114-Norfolk_terrier/n02094114_161.jpg,n02111277-Newfoundland/n02111277_6353.jpg,n02094114-Norfolk_terrier,n02111277-Newfoundland,train,test,10,34,False,False,False,True,train-test
n02094114-Norfolk_terrier/n02094114_1734.jpg,n02111500-Great_Pyrenees/n02111500_6401.jpg,n02094114-Norfolk_terrier,n02111500-Great_Pyrenees,train,train,10,26,False,False,False,False,train-train
n02094114-Norfolk_terrier/n02094114_1860.jpg,n02108422-bull_mastiff/n02108422_3086.jpg,n02094114-Norfolk_terrier,n02108422-bull_mastiff,test,train,10,20,False,False,False,True,train-test
n02094114-Norfolk_terrier/n02094114_2691.jpg,n02100877-Irish_setter/n02100877_6747.jpg,n02094114-Norfolk_terrier,n02100877-Irish_setter,test,train,10,34,False,False,False,True,train-test
n02094114-Norfolk_terrier/n02094114_2691.jpg,n02111129-Leonberg/n02111129_638.jpg,n02094114-Norfolk_terrier,n02111129-Leonberg,test,train,10,32,False,False,False,True,train-test
n02094114-Norfolk_terrier/n02094114_2706.jpg,n02098286-West_Highland_white_terrier/n02098286_617.jpg,n02094114-Norfolk_terrier,n02098286-West_Highland_white_terrier,train,train,10,30,False,False,False,False,train-train
n02094114-Norfolk_terrier/n02094114_2706.jpg,n02098413-Lhasa/n02098413_17759.jpg,n02094114-Norfolk_terrier,n02098413-Lhasa,train,train,10,30,False,False,False,False,train-train
n02094114-Norfolk_terrier/n02094114_2706.jpg,n02112018-Pomeranian/n02112018_2896.jpg,n02094114-Norfolk_terrier,n02112018-Pomeranian,train,train,10,24,False,False,False,False,train-train
n02094114-Norfolk_terrier/n02094114_2785.jpg,n02100236-German_short-haired_pointer/n02100236_5735.jpg,n02094114-Norfolk_terrier,n02100236-German_short-haired_pointer,train,val,10,22,False,False,False,True,train-val
n02094114-Norfolk_terrier/n02094114_3667.jpg,n02101006-Gordon_setter/n02101006_3103.jpg,n02094114-Norfolk_terrier,n02101006-Gordon_setter,train,test,10,24,False,False,False,True,train-test
n02094114-Norfolk_terrier/n02094114_3920.jpg,n02096585-Boston_bull/n02096585_1645.jpg,n02094114-Norfolk_terrier,n02096585-Boston_bull,train,train,10,30,False,False,False,False,train-train
n02094114-Norfolk_terrier/n02094114_487.jpg,n02113186-Cardigan/n02113186_9902.jpg,n02094114-Norfolk_terrier,n02113186-Cardigan,train,train,10,30,False,False,False,False,train-train
n02094114-Norfolk_terrier/n02094114_487.jpg,n02113712-miniature_poodle/n02113712_2021.jpg,n02094114-Norfolk_terrier,n02113712-miniature_poodle,train,train,10,30,False,False,False,False,train-train
n02094114-Norfolk_terrier/n02094114_694.jpg,n02095570-Lakeland_terrier/n02095570_2480.jpg,n02094114-Norfolk_terrier,n02095570-Lakeland_terrier,val,val,10,30,False,False,False,False,val-val
n02094114-Norfolk_terrier/n02094114_699.jpg,n02098286-West_Highland_white_terrier/n02098286_1910.jpg,n02094114-Norfolk_terrier,n02098286-West_Highland_white_terrier,train,train,10,24,False,False,False,False,train-train
n02094258-Norwich_terrier/n02094258_1187.jpg,n02112018-Pomeranian/n02112018_4148.jpg,n02094258-Norwich_terrier,n02112018-Pomeranian,train,test,10,24,False,False,False,True,train-test
n02094258-Norwich_terrier/n02094258_1840.jpg,n02100583-vizsla/n02100583_3274.jpg,n02094258-Norwich_terrier,n02100583-vizsla,train,train,10,28,False,False,False,False,train-train
n02094258-Norwich_terrier/n02094258_1840.jpg,n02113186-Cardigan/n02113186_9902.jpg,n02094258-Norwich_terrier,n02113186-Cardigan,train,train,10,30,False,False,False,False,train-train
n02094258-Norwich_terrier/n02094258_2191.jpg,n02097209-standard_schnauzer/n02097209_1500.jpg,n02094258-Norwich_terrier,n02097209-standard_schnauzer,train,train,10,24,False,False,False,False,train-train
n02094258-Norwich_terrier/n02094258_2842.jpg,n02099601-golden_retriever/n02099601_7916.jpg,n02094258-Norwich_terrier,n02099601-golden_retriever,train,test,10,18,False,False,False,True,train-test
n02094258-Norwich_terrier/n02094258_3197.jpg,n02111500-Great_Pyrenees/n02111500_9116.jpg,n02094258-Norwich_terrier,n02111500-Great_Pyrenees,test,train,10,26,False,False,False,True,train-test
n02094258-Norwich_terrier/n02094258_355.jpg,n02105056-groenendael/n02105056_6827.jpg,n02094258-Norwich_terrier,n02105056-groenendael,train,train,10,32,False,False,False,False,train-train
n02094258-Norwich_terrier/n02094258_848.jpg,n02102040-English_springer/n02102040_5133.jpg,n02094258-Norwich_terrier,n02102040-English_springer,train,train,10,26,False,False,False,False,train-train
n02094258-Norwich_terrier/n02094258_848.jpg,n02104365-schipperke/n02104365_7629.jpg,n02094258-Norwich_terrier,n02104365-schipperke,train,test,10,26,False,False,False,True,train-test
n02094258-Norwich_terrier/n02094258_928.jpg,n02099267-flat-coated_retriever/n02099267_2375.jpg,n02094258-Norwich_terrier,n02099267-flat-coated_retriever,train,train,10,28,False,False,False,False,train-train
n02094258-Norwich_terrier/n02094258_928.jpg,n02107312-miniature_pinscher/n02107312_254.jpg,n02094258-Norwich_terrier,n02107312-miniature_pinscher,train,train,10,36,False,False,False,False,train-train
n02094258-Norwich_terrier/n02094258_928.jpg,n02110627-affenpinscher/n02110627_8949.jpg,n02094258-Norwich_terrier,n02110627-affenpinscher,train,train,10,36,False,False,False,False,train-train
n02094258-Norwich_terrier/n02094258_928.jpg,n02110958-pug/n02110958_12224.jpg,n02094258-Norwich_terrier,n02110958-pug,train,train,10,20,False,False,False,False,train-train
n02094258-Norwich_terrier/n02094258_928.jpg,n02112350-keeshond/n02112350_9418.jpg,n02094258-Norwich_terrier,n02112350-keeshond,train,train,10,26,False,False,False,False,train-train
n02094433-Yorkshire_terrier/n02094433_1324.jpg,n02111889-Samoyed/n02111889_5075.jpg,n02094433-Yorkshire_terrier,n02111889-Samoyed,train,val,10,28,False,False,False,True,train-val
n02094433-Yorkshire_terrier/n02094433_2483.jpg,n02112018-Pomeranian/n02112018_9263.jpg,n02094433-Yorkshire_terrier,n02112018-Pomeranian,train,train,10,28,False,False,False,False,train-train
n02094433-Yorkshire_terrier/n02094433_3431.jpg,n02104365-schipperke/n02104365_6667.jpg,n02094433-Yorkshire_terrier,n02104365-schipperke,train,train,10,28,False,False,False,False,train-train
n02094433-Yorkshire_terrier/n02094433_3640.jpg,n02104365-schipperke/n02104365_8466.jpg,n02094433-Yorkshire_terrier,n02104365-schipperke,train,train,10,26,False,False,False,False,train-train
n02094433-Yorkshire_terrier/n02094433_889.jpg,n02113186-Cardigan/n02113186_741.jpg,n02094433-Yorkshire_terrier,n02113186-Cardigan,train,test,10,20,False,False,False,True,train-test
n02094433-Yorkshire_terrier/n02094433_9618.jpg,n02106550-Rottweiler/n02106550_10375.jpg,n02094433-Yorkshire_terrier,n02106550-Rottweiler,train,train,10,22,False,False,False,False,train-train
n02095314-wire-haired_fox_terrier/n02095314_1997.jpg,n02095570-Lakeland_terrier/n02095570_1437.jpg,n02095314-wire-haired_fox_terrier,n02095570-Lakeland_terrier,train,train,10,30,False,False,False,False,train-train
n02095314-wire-haired_fox_terrier/n02095314_1997.jpg,n02111889-Samoyed/n02111889_1735.jpg,n02095314-wire-haired_fox_terrier,n02111889-Samoyed,train,val,10,32,False,False,False,True,train-val
n02095314-wire-haired_fox_terrier/n02095314_2354.jpg,n02105855-Shetland_sheepdog/n02105855_14868.jpg,n02095314-wire-haired_fox_terrier,n02105855-Shetland_sheepdog,train,train,10,24,False,False,False,False,train-train
n02095314-wire-haired_fox_terrier/n02095314_3242.jpg,n02095889-Sealyham_terrier/n02095889_4725.jpg,n02095314-wire-haired_fox_terrier,n02095889-Sealyham_terrier,val,train,10,12,False,False,False,True,train-val
n02095314-wire-haired_fox_terrier/n02095314_398.jpg,n02112350-keeshond/n02112350_9008.jpg,n02095314-wire-haired_fox_terrier,n02112350-keeshond,train,train,10,28,False,False,False,False,train-train
n02095570-Lakeland_terrier/n02095570_1149.jpg,n02096585-Boston_bull/n02096585_2108.jpg,n02095570-Lakeland_terrier,n02096585-Boston_bull,test,train,10,36,False,False,False,True,train-test
n02095570-Lakeland_terrier/n02095570_1547.jpg,n02095570-Lakeland_terrier/n02095570_5276.jpg,n02095570-Lakeland_terrier,n02095570-Lakeland_terrier,val,train,10,24,False,False,True,True,train-val
n02095570-Lakeland_terrier/n02095570_199.jpg,n02105641-Old_English_sheepdog/n02105641_3602.jpg,n02095570-Lakeland_terrier,n02105641-Old_English_sheepdog,train,test,10,22,False,False,False,True,train-test
n02095570-Lakeland_terrier/n02095570_2304.jpg,n02105855-Shetland_sheepdog/n02105855_14781.jpg,n02095570-Lakeland_terrier,n02105855-Shetland_sheepdog,train,train,10,24,False,False,False,False,train-train
n02095570-Lakeland_terrier/n02095570_280.jpg,n02099849-Chesapeake_Bay_retriever/n02099849_3680.jpg,n02095570-Lakeland_terrier,n02099849-Chesapeake_Bay_retriever,val,train,10,18,False,False,False,True,train-val
n02095570-Lakeland_terrier/n02095570_2884.jpg,n02106030-collie/n02106030_7895.jpg,n02095570-Lakeland_terrier,n02106030-collie,train,test,10,22,False,False,False,True,train-test
n02095570-Lakeland_terrier/n02095570_3113.jpg,n02097474-Tibetan_terrier/n02097474_1095.jpg,n02095570-Lakeland_terrier,n02097474-Tibetan_terrier,train,val,10,24,False,False,False,True,train-val
n02095570-Lakeland_terrier/n02095570_3798.jpg,n02111277-Newfoundland/n02111277_3990.jpg,n02095570-Lakeland_terrier,n02111277-Newfoundland,train,train,10,18,False,False,False,False,train-train
n02095570-Lakeland_terrier/n02095570_4161.jpg,n02111889-Samoyed/n02111889_5532.jpg,n02095570-Lakeland_terrier,n02111889-Samoyed,train,train,10,26,False,False,False,False,train-train
n02095570-Lakeland_terrier/n02095570_5800.jpg,n02096437-Dandie_Dinmont/n02096437_4131.jpg,n02095570-Lakeland_terrier,n02096437-Dandie_Dinmont,train,train,10,24,False,False,False,False,train-train
n02095570-Lakeland_terrier/n02095570_5800.jpg,n02098413-Lhasa/n02098413_1396.jpg,n02095570-Lakeland_terrier,n02098413-Lhasa,train,train,10,24,False,False,False,False,train-train
n02095570-Lakeland_terrier/n02095570_5955.jpg,n02109047-Great_Dane/n02109047_12467.jpg,n02095570-Lakeland_terrier,n02109047-Great_Dane,train,val,10,32,False,False,False,True,train-val
n02095570-Lakeland_terrier/n02095570_5955.jpg,n02109525-Saint_Bernard/n02109525_2008.jpg,n02095570-Lakeland_terrier,n02109525-Saint_Bernard,train,train,10,16,False,False,False,False,train-train
n02095570-Lakeland_terrier/n02095570_5955.jpg,n02111500-Great_Pyrenees/n02111500_9116.jpg,n02095570-Lakeland_terrier,n02111500-Great_Pyrenees,train,train,10,32,False,False,False,False,train-train
n02095570-Lakeland_terrier/n02095570_6176.jpg,n02096177-cairn/n02096177_8173.jpg,n02095570-Lakeland_terrier,n02096177-cairn,train,train,10,28,False,False,False,False,train-train
n02095570-Lakeland_terrier/n02095570_956.jpg,n02112018-Pomeranian/n02112018_5367.jpg,n02095570-Lakeland_terrier,n02112018-Pomeranian,train,train,10,24,False,False,False,False,train-train
n02095889-Sealyham_terrier/n02095889_1145.jpg,n02095889-Sealyham_terrier/n02095889_151.jpg,n02095889-Sealyham_terrier,n02095889-Sealyham_terrier,train,train,10,20,False,False,True,False,train-train
n02095889-Sealyham_terrier/n02095889_1175.jpg,n02096051-Airedale/n02096051_2002.jpg,n02095889-Sealyham_terrier,n02096051-Airedale,train,train,10,20,False,False,False,False,train-train
n02095889-Sealyham_terrier/n02095889_1208.jpg,n02095889-Sealyham_terrier/n02095889_3497.jpg,n02095889-Sealyham_terrier,n02095889-Sealyham_terrier,train,train,10,22,False,False,True,False,train-train
n02095889-Sealyham_terrier/n02095889_1313.jpg,n02105641-Old_English_sheepdog/n02105641_5305.jpg,n02095889-Sealyham_terrier,n02105641-Old_English_sheepdog,train,test,10,24,False,False,False,True,train-test
n02095889-Sealyham_terrier/n02095889_2512.jpg,n02100236-German_short-haired_pointer/n02100236_5735.jpg,n02095889-Sealyham_terrier,n02100236-German_short-haired_pointer,val,val,10,24,False,False,False,False,val-val
n02095889-Sealyham_terrier/n02095889_3694.jpg,n02101556-clumber/n02101556_7528.jpg,n02095889-Sealyham_terrier,n02101556-clumber,train,train,10,24,False,False,False,False,train-train
n02095889-Sealyham_terrier/n02095889_4826.jpg,n02098286-West_Highland_white_terrier/n02098286_2904.jpg,n02095889-Sealyham_terrier,n02098286-West_Highland_white_terrier,train,train,10,28,False,False,False,False,train-train
n02095889-Sealyham_terrier/n02095889_4964.jpg,n02105641-Old_English_sheepdog/n02105641_8576.jpg,n02095889-Sealyham_terrier,n02105641-Old_English_sheepdog,test,test,10,26,False,False,False,False,test-test
n02095889-Sealyham_terrier/n02095889_5255.jpg,n02101388-Brittany_spaniel/n02101388_1842.jpg,n02095889-Sealyham_terrier,n02101388-Brittany_spaniel,train,train,10,22,False,False,False,False,train-train
n02095889-Sealyham_terrier/n02095889_5609.jpg,n02113712-miniature_poodle/n02113712_2021.jpg,n02095889-Sealyham_terrier,n02113712-miniature_poodle,train,train,10,28,False,False,False,False,train-train
n02095889-Sealyham_terrier/n02095889_6436.jpg,n02102973-Irish_water_spaniel/n02102973_2442.jpg,n02095889-Sealyham_terrier,n02102973-Irish_water_spaniel,test,val,10,22,False,False,False,True,val-test
n02095889-Sealyham_terrier/n02095889_6436.jpg,n02102973-Irish_water_spaniel/n02102973_541.jpg,n02095889-Sealyham_terrier,n02102973-Irish_water_spaniel,test,train,10,22,False,False,False,True,train-test
n02096051-Airedale/n02096051_1669.jpg,n02105251-briard/n02105251_8075.jpg,n02096051-Airedale,n02105251-briard,train,train,10,26,False,False,False,False,train-train
n02096051-Airedale/n02096051_2333.jpg,n02102177-Welsh_springer_spaniel/n02102177_3658.jpg,n02096051-Airedale,n02102177-Welsh_springer_spaniel,val,test,10,30,False,False,False,True,val-test
n02096051-Airedale/n02096051_2333.jpg,n02107312-miniature_pinscher/n02107312_3071.jpg,n02096051-Airedale,n02107312-miniature_pinscher,val,test,10,26,False,False,False,True,val-test
n02096051-Airedale/n02096051_3796.jpg,n02109525-Saint_Bernard/n02109525_18136.jpg,n02096051-Airedale,n02109525-Saint_Bernard,train,val,10,28,False,False,False,True,train-val
n02096051-Airedale/n02096051_3863.jpg,n02107574-Greater_Swiss_Mountain_dog/n02107574_530.jpg,n02096051-Airedale,n02107574-Greater_Swiss_Mountain_dog,train,test,10,24,False,False,False,True,train-test
n02096051-Airedale/n02096051_5285.jpg,n02098286-West_Highland_white_terrier/n02098286_617.jpg,n02096051-Airedale,n02098286-West_Highland_white_terrier,train,train,10,22,False,False,False,False,train-train
n02096051-Airedale/n02096051_6332.jpg,n02109961-Eskimo_dog/n02109961_8353.jpg,n02096051-Airedale,n02109961-Eskimo_dog,val,test,10,30,False,False,False,True,val-test
n02096051-Airedale/n02096051_8096.jpg,n02099849-Chesapeake_Bay_retriever/n02099849_2944.jpg,n02096051-Airedale,n02099849-Chesapeake_Bay_retriever,train,train,10,24,False,False,False,False,train-train
n02096051-Airedale/n02096051_9427.jpg,n02097658-silky_terrier/n02097658_816.jpg,n02096051-Airedale,n02097658-silky_terrier,train,train,10,24,False,False,False,False,train-train
n02096177-cairn/n02096177_2006.jpg,n02102318-cocker_spaniel/n02102318_518.jpg,n02096177-cairn,n02102318-cocker_spaniel,train,train,10,20,False,False,False,False,train-train
n02096177-cairn/n02096177_2006.jpg,n02106030-collie/n02106030_15923.jpg,n02096177-cairn,n02106030-collie,train,test,10,30,False,False,False,True,train-test
n02096177-cairn/n02096177_2695.jpg,n02106382-Bouvier_des_Flandres/n02106382_653.jpg,n02096177-cairn,n02106382-Bouvier_des_Flandres,train,test,10,20,False,False,False,True,train-test
n02096177-cairn/n02096177_4520.jpg,n02113186-Cardigan/n02113186_9902.jpg,n02096177-cairn,n02113186-Cardigan,val,train,10,24,False,False,False,True,train-val
n02096177-cairn/n02096177_4801.jpg,n02098413-Lhasa/n02098413_17759.jpg,n02096177-cairn,n02098413-Lhasa,train,train,10,30,False,False,False,False,train-train
n02096177-cairn/n02096177_4801.jpg,n02100583-vizsla/n02100583_3274.jpg,n02096177-cairn,n02100583-vizsla,train,train,10,28,False,False,False,False,train-train
n02096177-cairn/n02096177_4801.jpg,n02101556-clumber/n02101556_7528.jpg,n02096177-cairn,n02101556-clumber,train,train,10,30,False,False,False,False,train-train
n02096177-cairn/n02096177_4801.jpg,n02112018-Pomeranian/n02112018_6121.jpg,n02096177-cairn,n02112018-Pomeranian,train,train,10,28,False,False,False,False,train-train
n02096177-cairn/n02096177_4801.jpg,n02113624-toy_poodle/n02113624_528.jpg,n02096177-cairn,n02113624-toy_poodle,train,train,10,30,False,False,False,False,train-train
n02096177-cairn/n02096177_606.jpg,n02106550-Rottweiler/n02106550_2052.jpg,n02096177-cairn,n02106550-Rottweiler,train,train,10,22,False,False,False,False,train-train
n02096177-cairn/n02096177_6083.jpg,n02106550-Rottweiler/n02106550_11415.jpg,n02096177-cairn,n02106550-Rottweiler,train,test,10,30,False,False,False,True,train-test
n02096294-Australian_terrier/n02096294_1147.jpg,n02096294-Australian_terrier/n02096294_167.jpg,n02096294-Australian_terrier,n02096294-Australian_terrier,train,train,10,8,False,False,True,False,train-train
n02096294-Australian_terrier/n02096294_1411.jpg,n02096294-Australian_terrier/n02096294_1926.jpg,n02096294-Australian_terrier,n02096294-Australian_terrier,train,train,10,20,False,False,True,False,train-train
n02096294-Australian_terrier/n02096294_2920.jpg,n02101388-Brittany_spaniel/n02101388_2429.jpg,n02096294-Australian_terrier,n02101388-Brittany_spaniel,train,train,10,22,False,False,False,False,train-train
n02096294-Australian_terrier/n02096294_2920.jpg,n02111889-Samoyed/n02111889_1995.jpg,n02096294-Australian_terrier,n02111889-Samoyed,train,train,10,28,False,False,False,False,train-train
n02096294-Australian_terrier/n02096294_2920.jpg,n02115913-dhole/n02115913_1060.jpg,n02096294-Australian_terrier,n02115913-dhole,train,val,10,26,False,False,False,True,train-val
n02096294-Australian_terrier/n02096294_4535.jpg,n02098286-West_Highland_white_terrier/n02098286_1502.jpg,n02096294-Australian_terrier,n02098286-West_Highland_white_terrier,train,train,10,28,False,False,False,False,train-train
n02096294-Australian_terrier/n02096294_4535.jpg,n02102177-Welsh_springer_spaniel/n02102177_2910.jpg,n02096294-Australian_terrier,n02102177-Welsh_springer_spaniel,train,train,10,22,False,False,False,False,train-train
n02096294-Australian_terrier/n02096294_4535.jpg,n02102177-Welsh_springer_spaniel/n02102177_3032.jpg,n02096294-Australian_terrier,n02102177-Welsh_springer_spaniel,train,test,10,20,False,False,False,True,train-test
n02096294-Australian_terrier/n02096294_6207.jpg,n02102480-Sussex_spaniel/n02102480_6179.jpg,n02096294-Australian_terrier,n02102480-Sussex_spaniel,train,train,10,20,False,False,False,False,train-train
n02096437-Dandie_Dinmont/n02096437_2376.jpg,n02105641-Old_English_sheepdog/n02105641_4833.jpg,n02096437-Dandie_Dinmont,n02105641-Old_English_sheepdog,train,train,10,28,False,False,False,False,train-train
n02096437-Dandie_Dinmont/n02096437_335.jpg,n02101556-clumber/n02101556_5833.jpg,n02096437-Dandie_Dinmont,n02101556-clumber,train,test,10,28,False,False,False,True,train-test
n02096437-Dandie_Dinmont/n02096437_3847.jpg,n02099601-golden_retriever/n02099601_6105.jpg,n02096437-Dandie_Dinmont,n02099601-golden_retriever,train,train,10,28,False,False,False,False,train-train
n02096437-Dandie_Dinmont/n02096437_4494.jpg,n02111500-Great_Pyrenees/n02111500_4358.jpg,n02096437-Dandie_Dinmont,n02111500-Great_Pyrenees,train,val,10,24,False,False,False,True,train-val
n02096585-Boston_bull/n02096585_1172.jpg,n02102318-cocker_spaniel/n02102318_3121.jpg,n02096585-Boston_bull,n02102318-cocker_spaniel,train,train,10,28,False,False,False,False,train-train
n02096585-Boston_bull/n02096585_1172.jpg,n02112018-Pomeranian/n02112018_5936.jpg,n02096585-Boston_bull,n02112018-Pomeranian,train,train,10,28,False,False,False,False,train-train
n02096585-Boston_bull/n02096585_1172.jpg,n02113023-Pembroke/n02113023_3022.jpg,n02096585-Boston_bull,n02113023-Pembroke,train,train,10,32,False,False,False,False,train-train
n02096585-Boston_bull/n02096585_2108.jpg,n02113712-miniature_poodle/n02113712_4526.jpg,n02096585-Boston_bull,n02113712-miniature_poodle,train,train,10,32,False,False,False,False,train-train
n02096585-Boston_bull/n02096585_8065.jpg,n02107574-Greater_Swiss_Mountain_dog/n02107574_955.jpg,n02096585-Boston_bull,n02107574-Greater_Swiss_Mountain_dog,train,train,10,26,False,False,False,False,train-train
n02097047-miniature_schnauzer/n02097047_1532.jpg,n02112018-Pomeranian/n02112018_2896.jpg,n02097047-miniature_schnauzer,n02112018-Pomeranian,train,train,10,20,False,False,False,False,train-train
n02097047-miniature_schnauzer/n02097047_6188.jpg,n02102318-cocker_spaniel/n02102318_12887.jpg,n02097047-miniature_schnauzer,n02102318-cocker_spaniel,train,train,10,24,False,False,False,False,train-train
n02097130-giant_schnauzer/n02097130_2135.jpg,n02100877-Irish_setter/n02100877_6747.jpg,n02097130-giant_schnauzer,n02100877-Irish_setter,train,train,10,26,False,False,False,False,train-train
n02097130-giant_schnauzer/n02097130_4467.jpg,n02108551-Tibetan_mastiff/n02108551_3662.jpg,n02097130-giant_schnauzer,n02108551-Tibetan_mastiff,train,test,10,16,False,False,False,True,train-test
n02097130-giant_schnauzer/n02097130_603.jpg,n02102318-cocker_spaniel/n02102318_10226.jpg,n02097130-giant_schnauzer,n02102318-cocker_spaniel,train,train,10,16,False,False,False,False,train-train
n02097209-standard_schnauzer/n02097209_2382.jpg,n02112137-chow/n02112137_16777.jpg,n02097209-standard_schnauzer,n02112137-chow,train,val,10,28,False,False,False,True,train-val
n02097209-standard_schnauzer/n02097209_3630.jpg,n02109525-Saint_Bernard/n02109525_8096.jpg,n02097209-standard_schnauzer,n02109525-Saint_Bernard,val,val,10,28,False,False,False,False,val-val
n02097209-standard_schnauzer/n02097209_8.jpg,n02105251-briard/n02105251_7654.jpg,n02097209-standard_schnauzer,n02105251-briard,train,train,10,20,False,False,False,False,train-train
n02097298-Scotch_terrier/n02097298_1319.jpg,n02101006-Gordon_setter/n02101006_135.jpg,n02097298-Scotch_terrier,n02101006-Gordon_setter,train,train,10,24,False,False,False,False,train-train
n02097298-Scotch_terrier/n02097298_13452.jpg,n02112350-keeshond/n02112350_3888.jpg,n02097298-Scotch_terrier,n02112350-keeshond,val,train,10,32,False,False,False,True,train-val
n02097298-Scotch_terrier/n02097298_3589.jpg,n02112137-chow/n02112137_10134.jpg,n02097298-Scotch_terrier,n02112137-chow,train,train,10,22,False,False,False,False,train-train
n02097298-Scotch_terrier/n02097298_4162.jpg,n02099601-golden_retriever/n02099601_2663.jpg,n02097298-Scotch_terrier,n02099601-golden_retriever,train,train,10,18,False,False,False,False,train-train
n02097298-Scotch_terrier/n02097298_432.jpg,n02107312-miniature_pinscher/n02107312_5987.jpg,n02097298-Scotch_terrier,n02107312-miniature_pinscher,train,val,10,24,False,False,False,True,train-val
n02097298-Scotch_terrier/n02097298_4701.jpg,n02111500-Great_Pyrenees/n02111500_5004.jpg,n02097298-Scotch_terrier,n02111500-Great_Pyrenees,train,val,10,26,False,False,False,True,train-val
n02097298-Scotch_terrier/n02097298_8178.jpg,n02113978-Mexican_hairless/n02113978_3178.jpg,n02097298-Scotch_terrier,n02113978-Mexican_hairless,train,train,10,16,False,False,False,False,train-train
n02097298-Scotch_terrier/n02097298_8178.jpg,n02113978-Mexican_hairless/n02113978_530.jpg,n02097298-Scotch_terrier,n02113978-Mexican_hairless,train,train,10,16,False,False,False,False,train-train
n02097298-Scotch_terrier/n02097298_8353.jpg,n02109047-Great_Dane/n02109047_21589.jpg,n02097298-Scotch_terrier,n02109047-Great_Dane,test,val,10,24,False,False,False,True,val-test
n02097298-Scotch_terrier/n02097298_9721.jpg,n02102318-cocker_spaniel/n02102318_10218.jpg,n02097298-Scotch_terrier,n02102318-cocker_spaniel,test,val,10,24,False,False,False,True,val-test
n02097298-Scotch_terrier/n02097298_9721.jpg,n02105056-groenendael/n02105056_6827.jpg,n02097298-Scotch_terrier,n02105056-groenendael,test,train,10,30,False,False,False,True,train-test
n02097474-Tibetan_terrier/n02097474_5867.jpg,n02097474-Tibetan_terrier/n02097474_6617.jpg,n02097474-Tibetan_terrier,n02097474-Tibetan_terrier,train,train,10,10,False,False,True,False,train-train
n02097474-Tibetan_terrier/n02097474_6280.jpg,n02102973-Irish_water_spaniel/n02102973_1609.jpg,n02097474-Tibetan_terrier,n02102973-Irish_water_spaniel,train,train,10,34,False,False,False,False,train-train
n02097474-Tibetan_terrier/n02097474_6280.jpg,n02107312-miniature_pinscher/n02107312_1207.jpg,n02097474-Tibetan_terrier,n02107312-miniature_pinscher,train,train,10,30,False,False,False,False,train-train
n02097658-silky_terrier/n02097658_1039.jpg,n02112350-keeshond/n02112350_3888.jpg,n02097658-silky_terrier,n02112350-keeshond,train,train,10,26,False,False,False,False,train-train
n02097658-silky_terrier/n02097658_1270.jpg,n02113186-Cardigan/n02113186_12093.jpg,n02097658-silky_terrier,n02113186-Cardigan,train,val,10,32,False,False,False,True,train-val
n02097658-silky_terrier/n02097658_3947.jpg,n02108915-French_bulldog/n02108915_3140.jpg,n02097658-silky_terrier,n02108915-French_bulldog,train,train,10,26,False,False,False,False,train-train
n02097658-silky_terrier/n02097658_9017.jpg,n02105855-Shetland_sheepdog/n02105855_13039.jpg,n02097658-silky_terrier,n02105855-Shetland_sheepdog,test,train,10,30,False,False,False,True,train-test
n02098105-soft-coated_wheaten_terrier/n02098105_1190.jpg,n02106550-Rottweiler/n02106550_4397.jpg,n02098105-soft-coated_wheaten_terrier,n02106550-Rottweiler,test,val,10,28,False,False,False,True,val-test
n02098105-soft-coated_wheaten_terrier/n02098105_1321.jpg,n02105251-briard/n02105251_224.jpg,n02098105-soft-coated_wheaten_terrier,n02105251-briard,train,train,10,20,False,False,False,False,train-train
n02098105-soft-coated_wheaten_terrier/n02098105_1321.jpg,n02105251-briard/n02105251_8560.jpg,n02098105-soft-coated_wheaten_terrier,n02105251-briard,train,train,10,20,False,False,False,False,train-train
n02098105-soft-coated_wheaten_terrier/n02098105_2490.jpg,n02113023-Pembroke/n02113023_3495.jpg,n02098105-soft-coated_wheaten_terrier,n02113023-Pembroke,train,train,10,28,False,False,False,False,train-train
n02098105-soft-coated_wheaten_terrier/n02098105_257.jpg,n02110806-basenji/n02110806_4051.jpg,n02098105-soft-coated_wheaten_terrier,n02110806-basenji,test,test,10,28,False,False,False,False,test-test
n02098105-soft-coated_wheaten_terrier/n02098105_408.jpg,n02099601-golden_retriever/n02099601_7993.jpg,n02098105-soft-coated_wheaten_terrier,n02099601-golden_retriever,test,train,10,28,False,False,False,True,train-test
n02098105-soft-coated_wheaten_terrier/n02098105_408.jpg,n02113799-standard_poodle/n02113799_1922.jpg,n02098105-soft-coated_wheaten_terrier,n02113799-standard_poodle,test,train,10,30,False,False,False,True,train-test
n02098286-West_Highland_white_terrier/n02098286_1224.jpg,n02110185-Siberian_husky/n02110185_3291.jpg,n02098286-West_Highland_white_terrier,n02110185-Siberian_husky,train,train,10,24,False,False,False,False,train-train
n02098286-West_Highland_white_terrier/n02098286_2139.jpg,n02109047-Great_Dane/n02109047_12467.jpg,n02098286-West_Highland_white_terrier,n02109047-Great_Dane,train,val,10,20,False,False,False,True,train-val
n02098286-West_Highland_white_terrier/n02098286_2173.jpg,n02109525-Saint_Bernard/n02109525_15376.jpg,n02098286-West_Highland_white_terrier,n02109525-Saint_Bernard,train,train,10,24,False,False,False,False,train-train
n02098286-West_Highland_white_terrier/n02098286_2173.jpg,n02111889-Samoyed/n02111889_15995.jpg,n02098286-West_Highland_white_terrier,n02111889-Samoyed,train,train,10,30,False,False,False,False,train-train
n02098286-West_Highland_white_terrier/n02098286_2299.jpg,n02113799-standard_poodle/n02113799_4143.jpg,n02098286-West_Highland_white_terrier,n02113799-standard_poodle,test,train,10,36,False,False,False,True,train-test
n02098286-West_Highland_white_terrier/n02098286_4120.jpg,n02098286-West_Highland_white_terrier/n02098286_4445.jpg,n02098286-West_Highland_white_terrier,n02098286-West_Highland_white_terrier,train,train,10,6,False,False,True,False,train-train
n02098286-West_Highland_white_terrier/n02098286_617.jpg,n02108422-bull_mastiff/n02108422_3086.jpg,n02098286-West_Highland_white_terrier,n02108422-bull_mastiff,train,train,10,34,False,False,False,False,train-train
n02098286-West_Highland_white_terrier/n02098286_751.jpg,n02105641-Old_English_sheepdog/n02105641_523.jpg,n02098286-West_Highland_white_terrier,n02105641-Old_English_sheepdog,val,test,10,26,False,False,False,True,val-test
n02098413-Lhasa/n02098413_1396.jpg,n02111889-Samoyed/n02111889_1735.jpg,n02098413-Lhasa,n02111889-Samoyed,train,val,10,26,False,False,False,True,train-val
n02098413-Lhasa/n02098413_17759.jpg,n02100583-vizsla/n02100583_3274.jpg,n02098413-Lhasa,n02100583-vizsla,train,train,10,32,False,False,False,False,train-train
n02098413-Lhasa/n02098413_17759.jpg,n02107908-Appenzeller/n02107908_2272.jpg,n02098413-Lhasa,n02107908-Appenzeller,train,train,10,22,False,False,False,False,train-train
n02098413-Lhasa/n02098413_17759.jpg,n02110958-pug/n02110958_11825.jpg,n02098413-Lhasa,n02110958-pug,train,train,10,24,False,False,False,False,train-train
n02098413-Lhasa/n02098413_17759.jpg,n02113624-toy_poodle/n02113624_6060.jpg,n02098413-Lhasa,n02113624-toy_poodle,train,train,10,30,False,False,False,False,train-train
n02098413-Lhasa/n02098413_3561.jpg,n02109047-Great_Dane/n02109047_875.jpg,n02098413-Lhasa,n02109047-Great_Dane,test,test,10,28,False,False,False,False,test-test
n02098413-Lhasa/n02098413_631.jpg,n02112018-Pomeranian/n02112018_12513.jpg,n02098413-Lhasa,n02112018-Pomeranian,test,train,10,26,False,False,False,True,train-test
n02098413-Lhasa/n02098413_6923.jpg,n02100236-German_short-haired_pointer/n02100236_4428.jpg,n02098413-Lhasa,n02100236-German_short-haired_pointer,val,train,10,24,False,False,False,True,train-val
n02098413-Lhasa/n02098413_9550.jpg,n02105505-komondor/n02105505_4351.jpg,n02098413-Lhasa,n02105505-komondor,train,train,10,26,False,False,False,False,train-train
n02099267-flat-coated_retriever/n02099267_1095.jpg,n02108551-Tibetan_mastiff/n02108551_5682.jpg,n02099267-flat-coated_retriever,n02108551-Tibetan_mastiff,train,train,10,32,False,False,False,False,train-train
n02099267-flat-coated_retriever/n02099267_2375.jpg,n02099601-golden_retriever/n02099601_238.jpg,n02099267-flat-coated_retriever,n02099601-golden_retriever,train,train,10,32,False,False,False,False,train-train
n02099267-flat-coated_retriever/n02099267_2375.jpg,n02100735-English_setter/n02100735_4813.jpg,n02099267-flat-coated_retriever,n02100735-English_setter,train,train,10,24,False,False,False,False,train-train
n02099267-flat-coated_retriever/n02099267_3185.jpg,n02113978-Mexican_hairless/n02113978_2141.jpg,n02099267-flat-coated_retriever,n02113978-Mexican_hairless,test,val,10,24,False,False,False,True,val-test
n02099267-flat-coated_retriever/n02099267_3185.jpg,n02113978-Mexican_hairless/n02113978_3832.jpg,n02099267-flat-coated_retriever,n02113978-Mexican_hairless,test,train,10,24,False,False,False,True,train-test
n02099267-flat-coated_retriever/n02099267_482.jpg,n02099267-flat-coated_retriever/n02099267_5745.jpg,n02099267-flat-coated_retriever,n02099267-flat-coated_retriever,train,train,10,20,False,False,True,False,train-train
n02099267-flat-coated_retriever/n02099267_482.jpg,n02108551-Tibetan_mastiff/n02108551_5682.jpg,n02099267-flat-coated_retriever,n02108551-Tibetan_mastiff,train,train,10,32,False,False,False,False,train-train
n02099267-flat-coated_retriever/n02099267_482.jpg,n02113799-standard_poodle/n02113799_4946.jpg,n02099267-flat-coated_retriever,n02113799-standard_poodle,train,train,10,34,False,False,False,False,train-train
n02099267-flat-coated_retriever/n02099267_5551.jpg,n02107312-miniature_pinscher/n02107312_7007.jpg,n02099267-flat-coated_retriever,n02107312-miniature_pinscher,train,val,10,22,False,False,False,True,train-val
n02099429-curly-coated_retriever/n02099429_1328.jpg,n02104029-kuvasz/n02104029_4059.jpg,n02099429-curly-coated_retriever,n02104029-kuvasz,val,train,10,32,False,False,False,True,train-val
n02099429-curly-coated_retriever/n02099429_2263.jpg,n02104365-schipperke/n02104365_7301.jpg,n02099429-curly-coated_retriever,n02104365-schipperke,train,train,10,26,False,False,False,False,train-train
n02099429-curly-coated_retriever/n02099429_273.jpg,n02100583-vizsla/n02100583_10358.jpg,n02099429-curly-coated_retriever,n02100583-vizsla,train,train,10,26,False,False,False,False,train-train
n02099429-curly-coated_retriever/n02099429_3234.jpg,n02110063-malamute/n02110063_11052.jpg,n02099429-curly-coated_retriever,n02110063-malamute,train,train,10,20,False,False,False,False,train-train
n02099429-curly-coated_retriever/n02099429_3513.jpg,n02104365-schipperke/n02104365_7301.jpg,n02099429-curly-coated_retriever,n02104365-schipperke,train,train,10,26,False,False,False,False,train-train
n02099601-golden_retriever/n02099601_109.jpg,n02107312-miniature_pinscher/n02107312_2300.jpg,n02099601-golden_retriever,n02107312-miniature_pinscher,train,train,10,26,False,False,False,False,train-train
n02099601-golden_retriever/n02099601_1454.jpg,n02102177-Welsh_springer_spaniel/n02102177_3032.jpg,n02099601-golden_retriever,n02102177-Welsh_springer_spaniel,train,test,10,26,False,False,False,True,train-test
n02099601-golden_retriever/n02099601_1454.jpg,n02115913-dhole/n02115913_1060.jpg,n02099601-golden_retriever,n02115913-dhole,train,val,10,32,False,False,False,True,train-val
n02099601-golden_retriever/n02099601_1768.jpg,n02102040-English_springer/n02102040_3798.jpg,n02099601-golden_retriever,n02102040-English_springer,train,train,10,26,False,False,False,False,train-train
n02099601-golden_retriever/n02099601_2029.jpg,n02099712-Labrador_retriever/n02099712_1941.jpg,n02099601-golden_retriever,n02099712-Labrador_retriever,train,train,10,30,False,False,False,False,train-train
n02099601-golden_retriever/n02099601_2029.jpg,n02113023-Pembroke/n02113023_4391.jpg,n02099601-golden_retriever,n02113023-Pembroke,train,train,10,28,False,False,False,False,train-train
n02099601-golden_retriever/n02099601_2688.jpg,n02101556-clumber/n02101556_1355.jpg,n02099601-golden_retriever,n02101556-clumber,train,train,10,24,False,False,False,False,train-train
n02099601-golden_retriever/n02099601_7771.jpg,n02099712-Labrador_retriever/n02099712_7963.jpg,n02099601-golden_retriever,n02099712-Labrador_retriever,train,test,10,30,False,False,False,True,train-test
n02099601-golden_retriever/n02099601_7993.jpg,n02107908-Appenzeller/n02107908_2272.jpg,n02099601-golden_retriever,n02107908-Appenzeller,train,train,10,32,False,False,False,False,train-train
n02099712-Labrador_retriever/n02099712_2118.jpg,n02116738-African_hunting_dog/n02116738_7340.jpg,n02099712-Labrador_retriever,n02116738-African_hunting_dog,test,val,10,24,False,False,False,True,val-test
n02099712-Labrador_retriever/n02099712_2223.jpg,n02107908-Appenzeller/n02107908_585.jpg,n02099712-Labrador_retriever,n02107908-Appenzeller,test,train,10,30,False,False,False,True,train-test
n02099712-Labrador_retriever/n02099712_2226.jpg,n02099712-Labrador_retriever/n02099712_5941.jpg,n02099712-Labrador_retriever,n02099712-Labrador_retriever,train,train,10,38,False,False,True,False,train-train
n02099712-Labrador_retriever/n02099712_5941.jpg,n02109047-Great_Dane/n02109047_12467.jpg,n02099712-Labrador_retriever,n02109047-Great_Dane,train,val,10,30,False,False,False,True,train-val
n02099712-Labrador_retriever/n02099712_6446.jpg,n02102973-Irish_water_spaniel/n02102973_3635.jpg,n02099712-Labrador_retriever,n02102973-Irish_water_spaniel,val,test,10,18,False,False,False,True,val-test
n02099712-Labrador_retriever/n02099712_8719.jpg,n02108551-Tibetan_mastiff/n02108551_2596.jpg,n02099712-Labrador_retriever,n02108551-Tibetan_mastiff,train,train,10,30,False,False,False,False,train-train
n02099849-Chesapeake_Bay_retriever/n02099849_1068.jpg,n02110063-malamute/n02110063_12694.jpg,n02099849-Chesapeake_Bay_retriever,n02110063-malamute,train,val,10,26,False,False,False,True,train-val
n02099849-Chesapeake_Bay_retriever/n02099849_1265.jpg,n02113978-Mexican_hairless/n02113978_3843.jpg,n02099849-Chesapeake_Bay_retriever,n02113978-Mexican_hairless,train,train,10,26,False,False,False,False,train-train
n02099849-Chesapeake_Bay_retriever/n02099849_1310.jpg,n02113624-toy_poodle/n02113624_983.jpg,n02099849-Chesapeake_Bay_retriever,n02113624-toy_poodle,train,train,10,28,False,False,False,False,train-train
n02099849-Chesapeake_Bay_retriever/n02099849_1645.jpg,n02110806-basenji/n02110806_4051.jpg,n02099849-Chesapeake_Bay_retriever,n02110806-basenji,test,test,10,28,False,False,False,False,test-test
n02099849-Chesapeake_Bay_retriever/n02099849_1645.jpg,n02112137-chow/n02112137_16777.jpg,n02099849-Chesapeake_Bay_retriever,n02112137-chow,test,val,10,26,False,False,False,True,val-test
n02099849-Chesapeake_Bay_retriever/n02099849_2573.jpg,n02111277-Newfoundland/n02111277_3990.jpg,n02099849-Chesapeake_Bay_retriever,n02111277-Newfoundland,train,train,10,32,False,False,False,False,train-train
n02099849-Chesapeake_Bay_retriever/n02099849_2573.jpg,n02113023-Pembroke/n02113023_6000.jpg,n02099849-Chesapeake_Bay_retriever,n02113023-Pembroke,train,test,10,20,False,False,False,True,train-test
n02099849-Chesapeake_Bay_retriever/n02099849_2991.jpg,n02106030-collie/n02106030_18345.jpg,n02099849-Chesapeake_Bay_retriever,n02106030-collie,train,train,10,30,False,False,False,False,train-train
n02100236-German_short-haired_pointer/n02100236_2807.jpg,n02110958-pug/n02110958_3644.jpg,n02100236-German_short-haired_pointer,n02110958-pug,train,val,10,28,False,False,False,True,train-val
n02100236-German_short-haired_pointer/n02100236_3934.jpg,n02100236-German_short-haired_pointer/n02100236_44.jpg,n02100236-German_short-haired_pointer,n02100236-German_short-haired_pointer,train,train,10,24,False,False,True,False,train-train
n02100236-German_short-haired_pointer/n02100236_5735.jpg,n02109525-Saint_Bernard/n02109525_2008.jpg,n02100236-German_short-haired_pointer,n02109525-Saint_Bernard,val,train,10,22,False,False,False,True,train-val
n02100583-vizsla/n02100583_10358.jpg,n02100877-Irish_setter/n02100877_6747.jpg,n02100583-vizsla,n02100877-Irish_setter,train,train,10,22,False,False,False,False,train-train
n02100583-vizsla/n02100583_10358.jpg,n02102318-cocker_spaniel/n02102318_10218.jpg,n02100583-vizsla,n02102318-cocker_spaniel,train,val,10,24,False,False,False,True,train-val
n02100583-vizsla/n02100583_10358.jpg,n02105056-groenendael/n02105056_6827.jpg,n02100583-vizsla,n02105056-groenendael,train,train,10,34,False,False,False,False,train-train
n02100583-vizsla/n02100583_11289.jpg,n02104365-schipperke/n02104365_8398.jpg,n02100583-vizsla,n02104365-schipperke,train,val,10,26,False,False,False,True,train-val
n02100583-vizsla/n02100583_11701.jpg,n02109047-Great_Dane/n02109047_875.jpg,n02100583-vizsla,n02109047-Great_Dane,train,test,10,24,False,False,False,True,train-test
n02100583-vizsla/n02100583_11701.jpg,n02113712-miniature_poodle/n02113712_2021.jpg,n02100583-vizsla,n02113712-miniature_poodle,train,train,10,26,False,False,False,False,train-train
n02100583-vizsla/n02100583_2265.jpg,n02108551-Tibetan_mastiff/n02108551_5682.jpg,n02100583-vizsla,n02108551-Tibetan_mastiff,test,train,10,32,False,False,False,True,train-test
n02100583-vizsla/n02100583_3274.jpg,n02110958-pug/n02110958_14179.jpg,n02100583-vizsla,n02110958-pug,train,test,10,22,False,False,False,True,train-test
n02100583-vizsla/n02100583_3274.jpg,n02111889-Samoyed/n02111889_15376.jpg,n02100583-vizsla,n02111889-Samoyed,train,test,10,26,False,False,False,True,train-test
n02100583-vizsla/n02100583_3274.jpg,n02113712-miniature_poodle/n02113712_2021.jpg,n02100583-vizsla,n02113712-miniature_poodle,train,train,10,32,False,False,False,False,train-train
n02100583-vizsla/n02100583_4439.jpg,n02113624-toy_poodle/n02113624_166.jpg,n02100583-vizsla,n02113624-toy_poodle,train,val,10,24,False,False,False,True,train-val
n02100735-English_setter/n02100735_10086.jpg,n02111889-Samoyed/n02111889_13737.jpg,n02100735-English_setter,n02111889-Samoyed,test,train,10,18,False,False,False,True,train-test
n02100735-English_setter/n02100735_3458.jpg,n02111889-Samoyed/n02111889_4142.jpg,n02100735-English_setter,n02111889-Samoyed,val,train,10,26,False,False,False,True,train-val
n02100735-English_setter/n02100735_4813.jpg,n02107574-Greater_Swiss_Mountain_dog/n02107574_530.jpg,n02100735-English_setter,n02107574-Greater_Swiss_Mountain_dog,train,test,10,30,False,False,False,True,train-test
n02100735-English_setter/n02100735_4813.jpg,n02113624-toy_poodle/n02113624_3864.jpg,n02100735-English_setter,n02113624-toy_poodle,train,train,10,22,False,False,False,False,train-train
n02100735-English_setter/n02100735_4813.jpg,n02113712-miniature_poodle/n02113712_112.jpg,n02100735-English_setter,n02113712-miniature_poodle,train,train,10,26,False,False,False,False,train-train
n02100735-English_setter/n02100735_4870.jpg,n02110806-basenji/n02110806_4051.jpg,n02100735-English_setter,n02110806-basenji,train,test,10,24,False,False,False,True,train-test
n02100735-English_setter/n02100735_5978.jpg,n02111889-Samoyed/n02111889_5680.jpg,n02100735-English_setter,n02111889-Samoyed,val,train,10,30,False,False,False,True,train-val
n02100877-Irish_setter/n02100877_1803.jpg,n02102973-Irish_water_spaniel/n02102973_1609.jpg,n02100877-Irish_setter,n02102973-Irish_water_spaniel,test,train,10,36,False,False,False,True,train-test
n02100877-Irish_setter/n02100877_2142.jpg,n02111129-Leonberg/n02111129_1501.jpg,n02100877-Irish_setter,n02111129-Leonberg,train,train,10,28,False,False,False,False,train-train
n02100877-Irish_setter/n02100877_6747.jpg,n02102318-cocker_spaniel/n02102318_10218.jpg,n02100877-Irish_setter,n02102318-cocker_spaniel,train,val,10,32,False,False,False,True,train-val
n02100877-Irish_setter/n02100877_6747.jpg,n02105056-groenendael/n02105056_6827.jpg,n02100877-Irish_setter,n02105056-groenendael,train,train,10,32,False,False,False,False,train-train
n02100877-Irish_setter/n02100877_8595.jpg,n02111889-Samoyed/n02111889_3253.jpg,n02100877-Irish_setter,n02111889-Samoyed,train,val,10,28,False,False,False,True,train-val
n02100877-Irish_setter/n02100877_8800.jpg,n02102040-English_springer/n02102040_3640.jpg,n02100877-Irish_setter,n02102040-English_springer,train,train,10,22,False,False,False,False,train-train
n02100877-Irish_setter/n02100877_92.jpg,n02112018-Pomeranian/n02112018_2896.jpg,n02100877-Irish_setter,n02112018-Pomeranian,train,train,10,32,False,False,False,False,train-train
n02101006-Gordon_setter/n02101006_1440.jpg,n02101006-Gordon_setter/n02101006_2414.jpg,n02101006-Gordon_setter,n02101006-Gordon_setter,test,train,10,18,False,False,True,True,train-test
n02101006-Gordon_setter/n02101006_1888.jpg,n02102318-cocker_spaniel/n02102318_9307.jpg,n02101006-Gordon_setter,n02102318-cocker_spaniel,train,train,10,22,False,False,False,False,train-train
n02101006-Gordon_setter/n02101006_2501.jpg,n02113186-Cardigan/n02113186_12499.jpg,n02101006-Gordon_setter,n02113186-Cardigan,train,train,10,24,False,False,False,False,train-train
n02101006-Gordon_setter/n02101006_2613.jpg,n02113712-miniature_poodle/n02113712_777.jpg,n02101006-Gordon_setter,n02113712-miniature_poodle,train,train,10,24,False,False,False,False,train-train
n02101388-Brittany_spaniel/n02101388_2429.jpg,n02104029-kuvasz/n02104029_2769.jpg,n02101388-Brittany_spaniel,n02104029-kuvasz,train,train,10,28,False,False,False,False,train-train
n02101388-Brittany_spaniel/n02101388_9593.jpg,n02102973-Irish_water_spaniel/n02102973_1622.jpg,n02101388-Brittany_spaniel,n02102973-Irish_water_spaniel,val,train,10,24,False,False,False,True,train-val
n02101388-Brittany_spaniel/n02101388_9999.jpg,n02108089-boxer/n02108089_485.jpg,n02101388-Brittany_spaniel,n02108089-boxer,val,train,10,22,False,False,False,True,train-val
n02101388-Brittany_spaniel/n02101388_9999.jpg,n02108422-bull_mastiff/n02108422_3086.jpg,n02101388-Brittany_spaniel,n02108422-bull_mastiff,val,train,10,24,False,False,False,True,train-val
n02101556-clumber/n02101556_2517.jpg,n02105056-groenendael/n02105056_6827.jpg,n02101556-clumber,n02105056-groenendael,train,train,10,32,False,False,False,False,train-train
n02101556-clumber/n02101556_3708.jpg,n02105641-Old_English_sheepdog/n02105641_2905.jpg,n02101556-clumber,n02105641-Old_English_sheepdog,train,train,10,12,False,False,False,False,train-train
n02101556-clumber/n02101556_5694.jpg,n02113186-Cardigan/n02113186_2431.jpg,n02101556-clumber,n02113186-Cardigan,train,train,10,30,False,False,False,False,train-train
n02101556-clumber/n02101556_6054.jpg,n02111889-Samoyed/n02111889_2544.jpg,n02101556-clumber,n02111889-Samoyed,train,val,10,24,False,False,False,True,train-val
n02101556-clumber/n02101556_7078.jpg,n02113712-miniature_poodle/n02113712_612.jpg,n02101556-clumber,n02113712-miniature_poodle,test,test,10,18,False,False,False,False,test-test
n02102040-English_springer/n02102040_3767.jpg,n02102040-English_springer/n02102040_6313.jpg,n02102040-English_springer,n02102040-English_springer,test,val,10,24,False,False,True,True,val-test
n02102040-English_springer/n02102040_5133.jpg,n02108000-EntleBucher/n02108000_1757.jpg,n02102040-English_springer,n02108000-EntleBucher,train,train,10,26,False,False,False,False,train-train
n02102177-Welsh_springer_spaniel/n02102177_3032.jpg,n02105641-Old_English_sheepdog/n02105641_1505.jpg,n02102177-Welsh_springer_spaniel,n02105641-Old_English_sheepdog,test,val,10,26,False,False,False,True,val-test
n02102177-Welsh_springer_spaniel/n02102177_3032.jpg,n02109047-Great_Dane/n02109047_12467.jpg,n02102177-Welsh_springer_spaniel,n02109047-Great_Dane,test,val,10,28,False,False,False,True,val-test
n02102177-Welsh_springer_spaniel/n02102177_3374.jpg,n02111889-Samoyed/n02111889_2028.jpg,n02102177-Welsh_springer_spaniel,n02111889-Samoyed,train,test,10,26,False,False,False,True,train-test
n02102177-Welsh_springer_spaniel/n02102177_3658.jpg,n02107312-miniature_pinscher/n02107312_5599.jpg,n02102177-Welsh_springer_spaniel,n02107312-miniature_pinscher,test,test,10,28,False,False,False,False,test-test
n02102177-Welsh_springer_spaniel/n02102177_3660.jpg,n02107142-Doberman/n02107142_7206.jpg,n02102177-Welsh_springer_spaniel,n02107142-Doberman,val,test,10,32,False,False,False,True,val-test
n02102318-cocker_spaniel/n02102318_9254.jpg,n02111277-Newfoundland/n02111277_7105.jpg,n02102318-cocker_spaniel,n02111277-Newfoundland,train,val,10,22,False,False,False,True,train-val
n02102480-Sussex_spaniel/n02102480_147.jpg,n02112350-keeshond/n02112350_6007.jpg,n02102480-Sussex_spaniel,n02112350-keeshond,train,train,10,30,False,False,False,False,train-train
n02102480-Sussex_spaniel/n02102480_2192.jpg,n02112350-keeshond/n02112350_7837.jpg,n02102480-Sussex_spaniel,n02112350-keeshond,val,train,10,10,False,False,False,True,train-val
n02102480-Sussex_spaniel/n02102480_2198.jpg,n02108000-EntleBucher/n02108000_1798.jpg,n02102480-Sussex_spaniel,n02108000-EntleBucher,train,train,10,24,False,False,False,False,train-train
n02102480-Sussex_spaniel/n02102480_5031.jpg,n02102480-Sussex_spaniel/n02102480_6020.jpg,n02102480-Sussex_spaniel,n02102480-Sussex_spaniel,train,train,10,10,False,False,True,False,train-train
n02102480-Sussex_spaniel/n02102480_5805.jpg,n02112018-Pomeranian/n02112018_612.jpg,n02102480-Sussex_spaniel,n02112018-Pomeranian,train,test,10,26,False,False,False,True,train-test
n02102480-Sussex_spaniel/n02102480_6179.jpg,n02102973-Irish_water_spaniel/n02102973_1846.jpg,n02102480-Sussex_spaniel,n02102973-Irish_water_spaniel,train,train,10,26,False,False,False,False,train-train
n02102480-Sussex_spaniel/n02102480_6179.jpg,n02112137-chow/n02112137_8492.jpg,n02102480-Sussex_spaniel,n02112137-chow,train,train,10,20,False,False,False,False,train-train
n02102973-Irish_water_spaniel/n02102973_1609.jpg,n02111129-Leonberg/n02111129_2138.jpg,n02102973-Irish_water_spaniel,n02111129-Leonberg,train,train,10,32,False,False,False,False,train-train
n02102973-Irish_water_spaniel/n02102973_1609.jpg,n02113624-toy_poodle/n02113624_3864.jpg,n02102973-Irish_water_spaniel,n02113624-toy_poodle,train,train,10,36,False,False,False,False,train-train
n02102973-Irish_water_spaniel/n02102973_3287.jpg,n02102973-Irish_water_spaniel/n02102973_377.jpg,n02102973-Irish_water_spaniel,n02102973-Irish_water_spaniel,train,test,10,16,False,False,True,True,train-test
n02102973-Irish_water_spaniel/n02102973_3584.jpg,n02106382-Bouvier_des_Flandres/n02106382_152.jpg,n02102973-Irish_water_spaniel,n02106382-Bouvier_des_Flandres,train,train,10,18,False,False,False,False,train-train
n02102973-Irish_water_spaniel/n02102973_377.jpg,n02102973-Irish_water_spaniel/n02102973_4913.jpg,n02102973-Irish_water_spaniel,n02102973-Irish_water_spaniel,test,test,10,24,False,False,True,False,test-test
n02102973-Irish_water_spaniel/n02102973_4304.jpg,n02105855-Shetland_sheepdog/n02105855_18443.jpg,n02102973-Irish_water_spaniel,n02105855-Shetland_sheepdog,train,test,10,28,False,False,False,True,train-test
n02102973-Irish_water_spaniel/n02102973_4510.jpg,n02113799-standard_poodle/n02113799_1057.jpg,n02102973-Irish_water_spaniel,n02113799-standard_poodle,train,train,10,26,False,False,False,False,train-train
n02102973-Irish_water_spaniel/n02102973_4913.jpg,n02105056-groenendael/n02105056_1523.jpg,n02102973-Irish_water_spaniel,n02105056-groenendael,test,train,10,26,False,False,False,True,train-test
n02102973-Irish_water_spaniel/n02102973_526.jpg,n02105855-Shetland_sheepdog/n02105855_19002.jpg,n02102973-Irish_water_spaniel,n02105855-Shetland_sheepdog,val,train,10,24,False,False,False,True,train-val
n02102973-Irish_water_spaniel/n02102973_721.jpg,n02104365-schipperke/n02104365_9639.jpg,n02102973-Irish_water_spaniel,n02104365-schipperke,train,train,10,22,False,False,False,False,train-train
n02102973-Irish_water_spaniel/n02102973_721.jpg,n02106382-Bouvier_des_Flandres/n02106382_2536.jpg,n02102973-Irish_water_spaniel,n02106382-Bouvier_des_Flandres,train,train,10,16,False,False,False,False,train-train
n02102973-Irish_water_spaniel/n02102973_782.jpg,n02106382-Bouvier_des_Flandres/n02106382_2663.jpg,n02102973-Irish_water_spaniel,n02106382-Bouvier_des_Flandres,train,train,10,10,False,False,False,False,train-train
n02104029-kuvasz/n02104029_2769.jpg,n02105641-Old_English_sheepdog/n02105641_1647.jpg,n02104029-kuvasz,n02105641-Old_English_sheepdog,train,train,10,26,False,False,False,False,train-train
n02104029-kuvasz/n02104029_2769.jpg,n02107683-Bernese_mountain_dog/n02107683_5946.jpg,n02104029-kuvasz,n02107683-Bernese_mountain_dog,train,train,10,26,False,False,False,False,train-train
n02104029-kuvasz/n02104029_2769.jpg,n02111500-Great_Pyrenees/n02111500_9116.jpg,n02104029-kuvasz,n02111500-Great_Pyrenees,train,train,10,30,False,False,False,False,train-train
n02104365-schipperke/n02104365_10139.jpg,n02106662-German_shepherd/n02106662_9625.jpg,n02104365-schipperke,n02106662-German_shepherd,train,train,10,28,False,False,False,False,train-train
n02104365-schipperke/n02104365_10139.jpg,n02111129-Leonberg/n02111129_4677.jpg,n02104365-schipperke,n02111129-Leonberg,train,train,10,22,False,False,False,False,train-train
n02104365-schipperke/n02104365_10139.jpg,n02115641-dingo/n02115641_1940.jpg,n02104365-schipperke,n02115641-dingo,train,train,10,16,False,False,False,False,train-train
n02104365-schipperke/n02104365_1852.jpg,n02107142-Doberman/n02107142_788.jpg,n02104365-schipperke,n02107142-Doberman,test,test,10,20,False,False,False,False,test-test
n02104365-schipperke/n02104365_7377.jpg,n02105056-groenendael/n02105056_3123.jpg,n02104365-schipperke,n02105056-groenendael,train,test,10,26,False,False,False,True,train-test
n02104365-schipperke/n02104365_7377.jpg,n02105251-briard/n02105251_4996.jpg,n02104365-schipperke,n02105251-briard,train,train,10,24,False,False,False,False,train-train
n02104365-schipperke/n02104365_7377.jpg,n02110627-affenpinscher/n02110627_6842.jpg,n02104365-schipperke,n02110627-affenpinscher,train,train,10,22,False,False,False,False,train-train
n02104365-schipperke/n02104365_7377.jpg,n02113624-toy_poodle/n02113624_2934.jpg,n02104365-schipperke,n02113624-toy_poodle,train,train,10,28,False,False,False,False,train-train
n02104365-schipperke/n02104365_7629.jpg,n02107312-miniature_pinscher/n02107312_254.jpg,n02104365-schipperke,n02107312-miniature_pinscher,test,train,10,28,False,False,False,True,train-test
n02104365-schipperke/n02104365_7629.jpg,n02109047-Great_Dane/n02109047_875.jpg,n02104365-schipperke,n02109047-Great_Dane,test,test,10,26,False,False,False,False,test-test
n02104365-schipperke/n02104365_7629.jpg,n02113624-toy_poodle/n02113624_3864.jpg,n02104365-schipperke,n02113624-toy_poodle,test,train,10,28,False,False,False,True,train-test
n02104365-schipperke/n02104365_7629.jpg,n02113712-miniature_poodle/n02113712_112.jpg,n02104365-schipperke,n02113712-miniature_poodle,test,train,10,24,False,False,False,True,train-test
n02104365-schipperke/n02104365_7629.jpg,n02113712-miniature_poodle/n02113712_2021.jpg,n02104365-schipperke,n02113712-miniature_poodle,test,train,10,20,False,False,False,True,train-test
n02104365-schipperke/n02104365_999.jpg,n02113799-standard_poodle/n02113799_1864.jpg,n02104365-schipperke,n02113799-standard_poodle,train,train,10,28,False,False,False,False,train-train
n02104365-schipperke/n02104365_9994.jpg,n02111277-Newfoundland/n02111277_1470.jpg,n02104365-schipperke,n02111277-Newfoundland,val,train,10,28,False,False,False,True,train-val
n02105056-groenendael/n02105056_4956.jpg,n02112350-keeshond/n02112350_3888.jpg,n02105056-groenendael,n02112350-keeshond,train,train,10,24,False,False,False,False,train-train
n02105056-groenendael/n02105056_6338.jpg,n02106662-German_shepherd/n02106662_1812.jpg,n02105056-groenendael,n02106662-German_shepherd,val,train,10,32,False,False,False,True,train-val
n02105056-groenendael/n02105056_6338.jpg,n02107683-Bernese_mountain_dog/n02107683_2965.jpg,n02105056-groenendael,n02107683-Bernese_mountain_dog,val,train,10,28,False,False,False,True,train-val
n02105056-groenendael/n02105056_6474.jpg,n02105505-komondor/n02105505_4248.jpg,n02105056-groenendael,n02105505-komondor,test,val,10,24,False,False,False,True,val-test
n02105056-groenendael/n02105056_6790.jpg,n02106030-collie/n02106030_15840.jpg,n02105056-groenendael,n02106030-collie,train,val,10,22,False,False,False,True,train-val
n02105056-groenendael/n02105056_6827.jpg,n02112137-chow/n02112137_17733.jpg,n02105056-groenendael,n02112137-chow,train,val,10,32,False,False,False,True,train-val
n02105162-malinois/n02105162_5328.jpg,n02107683-Bernese_mountain_dog/n02107683_3140.jpg,n02105162-malinois,n02107683-Bernese_mountain_dog,train,train,10,32,False,False,False,False,train-train
n02105162-malinois/n02105162_8950.jpg,n02113799-standard_poodle/n02113799_3278.jpg,n02105162-malinois,n02113799-standard_poodle,train,val,10,32,False,False,False,True,train-val
n02105251-briard/n02105251_3407.jpg,n02106382-Bouvier_des_Flandres/n02106382_1925.jpg,n02105251-briard,n02106382-Bouvier_des_Flandres,test,train,10,26,False,False,False,True,train-test
n02105251-briard/n02105251_5384.jpg,n02108000-EntleBucher/n02108000_9.jpg,n02105251-briard,n02108000-EntleBucher,train,train,10,24,False,False,False,False,train-train
n02105251-briard/n02105251_6387.jpg,n02106550-Rottweiler/n02106550_5133.jpg,n02105251-briard,n02106550-Rottweiler,train,train,10,28,False,False,False,False,train-train
n02105412-kelpie/n02105412_1757.jpg,n02110958-pug/n02110958_8583.jpg,n02105412-kelpie,n02110958-pug,train,test,10,24,False,False,False,True,train-test
n02105412-kelpie/n02105412_1968.jpg,n02107908-Appenzeller/n02107908_585.jpg,n02105412-kelpie,n02107908-Appenzeller,test,train,10,28,False,False,False,True,train-test
n02105412-kelpie/n02105412_3528.jpg,n02116738-African_hunting_dog/n02116738_5338.jpg,n02105412-kelpie,n02116738-African_hunting_dog,train,train,10,28,False,False,False,False,train-train
n02105412-kelpie/n02105412_6154.jpg,n02112706-Brabancon_griffon/n02112706_1684.jpg,n02105412-kelpie,n02112706-Brabancon_griffon,train,val,10,30,False,False,False,True,train-val
n02105412-kelpie/n02105412_6349.jpg,n02113624-toy_poodle/n02113624_5442.jpg,n02105412-kelpie,n02113624-toy_poodle,test,train,10,32,False,False,False,True,train-test
n02105412-kelpie/n02105412_7017.jpg,n02107312-miniature_pinscher/n02107312_254.jpg,n02105412-kelpie,n02107312-miniature_pinscher,test,train,10,24,False,False,False,True,train-test
n02105505-komondor/n02105505_32.jpg,n02105505-komondor/n02105505_3898.jpg,n02105505-komondor,n02105505-komondor,train,train,10,16,False,False,True,False,train-train
n02105505-komondor/n02105505_3806.jpg,n02112350-keeshond/n02112350_10100.jpg,n02105505-komondor,n02112350-keeshond,train,test,10,24,False,False,False,True,train-test
n02105641-Old_English_sheepdog/n02105641_1505.jpg,n02115913-dhole/n02115913_1060.jpg,n02105641-Old_English_sheepdog,n02115913-dhole,val,val,10,30,False,False,False,False,val-val
n02105641-Old_English_sheepdog/n02105641_1855.jpg,n02112137-chow/n02112137_16777.jpg,n02105641-Old_English_sheepdog,n02112137-chow,train,val,10,24,False,False,False,True,train-val
n02105641-Old_English_sheepdog/n02105641_523.jpg,n02111500-Great_Pyrenees/n02111500_6401.jpg,n02105641-Old_English_sheepdog,n02111500-Great_Pyrenees,test,train,10,24,False,False,False,True,train-test
n02105641-Old_English_sheepdog/n02105641_523.jpg,n02112018-Pomeranian/n02112018_2896.jpg,n02105641-Old_English_sheepdog,n02112018-Pomeranian,test,train,10,28,False,False,False,True,train-test
n02105641-Old_English_sheepdog/n02105641_8576.jpg,n02110806-basenji/n02110806_1674.jpg,n02105641-Old_English_sheepdog,n02110806-basenji,test,train,10,34,False,False,False,True,train-test
n02105641-Old_English_sheepdog/n02105641_9648.jpg,n02112018-Pomeranian/n02112018_3494.jpg,n02105641-Old_English_sheepdog,n02112018-Pomeranian,val,val,10,22,False,False,False,False,val-val
n02105855-Shetland_sheepdog/n02105855_1791.jpg,n02113799-standard_poodle/n02113799_4499.jpg,n02105855-Shetland_sheepdog,n02113799-standard_poodle,test,test,10,28,False,False,False,False,test-test
n02105855-Shetland_sheepdog/n02105855_2433.jpg,n02112137-chow/n02112137_15770.jpg,n02105855-Shetland_sheepdog,n02112137-chow,train,train,10,26,False,False,False,False,train-train
n02105855-Shetland_sheepdog/n02105855_4281.jpg,n02110627-affenpinscher/n02110627_6069.jpg,n02105855-Shetland_sheepdog,n02110627-affenpinscher,train,test,10,26,False,False,False,True,train-test
n02106030-collie/n02106030_15054.jpg,n02111277-Newfoundland/n02111277_7377.jpg,n02106030-collie,n02111277-Newfoundland,val,train,10,20,False,False,False,True,train-val
n02106030-collie/n02106030_16623.jpg,n02112018-Pomeranian/n02112018_2821.jpg,n02106030-collie,n02112018-Pomeranian,train,val,10,26,False,False,False,True,train-val
n02106166-Border_collie/n02106166_1284.jpg,n02107683-Bernese_mountain_dog/n02107683_1282.jpg,n02106166-Border_collie,n02107683-Bernese_mountain_dog,train,val,10,26,False,False,False,True,train-val
n02106382-Bouvier_des_Flandres/n02106382_3856.jpg,n02110627-affenpinscher/n02110627_8949.jpg,n02106382-Bouvier_des_Flandres,n02110627-affenpinscher,val,train,10,24,False,False,False,True,train-val
n02106382-Bouvier_des_Flandres/n02106382_419.jpg,n02111889-Samoyed/n02111889_7042.jpg,n02106382-Bouvier_des_Flandres,n02111889-Samoyed,test,train,10,22,False,False,False,True,train-test
n02106550-Rottweiler/n02106550_10555.jpg,n02111889-Samoyed/n02111889_2476.jpg,n02106550-Rottweiler,n02111889-Samoyed,train,train,10,18,False,False,False,False,train-train
n02106550-Rottweiler/n02106550_11444.jpg,n02111129-Leonberg/n02111129_571.jpg,n02106550-Rottweiler,n02111129-Leonberg,val,train,10,26,False,False,False,True,train-val
n02106550-Rottweiler/n02106550_1366.jpg,n02111889-Samoyed/n02111889_2476.jpg,n02106550-Rottweiler,n02111889-Samoyed,train,train,10,20,False,False,False,False,train-train
n02106662-German_shepherd/n02106662_12028.jpg,n02111889-Samoyed/n02111889_91.jpg,n02106662-German_shepherd,n02111889-Samoyed,train,val,10,26,False,False,False,True,train-val
n02106662-German_shepherd/n02106662_1812.jpg,n02113712-miniature_poodle/n02113712_1572.jpg,n02106662-German_shepherd,n02113712-miniature_poodle,train,train,10,26,False,False,False,False,train-train
n02107142-Doberman/n02107142_7205.jpg,n02111277-Newfoundland/n02111277_3456.jpg,n02107142-Doberman,n02111277-Newfoundland,train,train,10,24,False,False,False,False,train-train
n02107312-miniature_pinscher/n02107312_1195.jpg,n02113712-miniature_poodle/n02113712_2653.jpg,n02107312-miniature_pinscher,n02113712-miniature_poodle,val,train,10,26,False,False,False,True,train-val
n02107312-miniature_pinscher/n02107312_1207.jpg,n02110627-affenpinscher/n02110627_8949.jpg,n02107312-miniature_pinscher,n02110627-affenpinscher,train,train,10,30,False,False,False,False,train-train
n02107312-miniature_pinscher/n02107312_1207.jpg,n02110958-pug/n02110958_14179.jpg,n02107312-miniature_pinscher,n02110958-pug,train,test,10,26,False,False,False,True,train-test
n02107312-miniature_pinscher/n02107312_1207.jpg,n02112018-Pomeranian/n02112018_1325.jpg,n02107312-miniature_pinscher,n02112018-Pomeranian,train,train,10,28,False,False,False,False,train-train
n02107312-miniature_pinscher/n02107312_1207.jpg,n02113186-Cardigan/n02113186_9902.jpg,n02107312-miniature_pinscher,n02113186-Cardigan,train,train,10,28,False,False,False,False,train-train
n02107312-miniature_pinscher/n02107312_1207.jpg,n02113624-toy_poodle/n02113624_3864.jpg,n02107312-miniature_pinscher,n02113624-toy_poodle,train,train,10,20,False,False,False,False,train-train
n02107312-miniature_pinscher/n02107312_254.jpg,n02110627-affenpinscher/n02110627_8949.jpg,n02107312-miniature_pinscher,n02110627-affenpinscher,train,train,10,26,False,False,False,False,train-train
n02107312-miniature_pinscher/n02107312_254.jpg,n02110958-pug/n02110958_12224.jpg,n02107312-miniature_pinscher,n02110958-pug,train,train,10,32,False,False,False,False,train-train
n02107312-miniature_pinscher/n02107312_254.jpg,n02113186-Cardigan/n02113186_11446.jpg,n02107312-miniature_pinscher,n02113186-Cardigan,train,train,10,18,False,False,False,False,train-train
n02107312-miniature_pinscher/n02107312_254.jpg,n02113799-standard_poodle/n02113799_1922.jpg,n02107312-miniature_pinscher,n02113799-standard_poodle,train,train,10,24,False,False,False,False,train-train
n02107312-miniature_pinscher/n02107312_3071.jpg,n02107312-miniature_pinscher/n02107312_5599.jpg,n02107312-miniature_pinscher,n02107312-miniature_pinscher,test,test,10,26,False,False,True,False,test-test
n02107312-miniature_pinscher/n02107312_5474.jpg,n02113023-Pembroke/n02113023_2842.jpg,n02107312-miniature_pinscher,n02113023-Pembroke,train,train,10,24,False,False,False,False,train-train
n02107574-Greater_Swiss_Mountain_dog/n02107574_1007.jpg,n02113624-toy_poodle/n02113624_1582.jpg,n02107574-Greater_Swiss_Mountain_dog,n02113624-toy_poodle,train,val,10,28,False,False,False,True,train-val
n02107574-Greater_Swiss_Mountain_dog/n02107574_140.jpg,n02107574-Greater_Swiss_Mountain_dog/n02107574_2005.jpg,n02107574-Greater_Swiss_Mountain_dog,n02107574-Greater_Swiss_Mountain_dog,train,train,10,10,False,False,True,False,train-train
n02107574-Greater_Swiss_Mountain_dog/n02107574_1597.jpg,n02107574-Greater_Swiss_Mountain_dog/n02107574_955.jpg,n02107574-Greater_Swiss_Mountain_dog,n02107574-Greater_Swiss_Mountain_dog,train,train,10,16,False,False,True,False,train-train
n02107683-Bernese_mountain_dog/n02107683_4061.jpg,n02113186-Cardigan/n02113186_12419.jpg,n02107683-Bernese_mountain_dog,n02113186-Cardigan,train,train,10,26,False,False,False,False,train-train
n02107683-Bernese_mountain_dog/n02107683_4788.jpg,n02107908-Appenzeller/n02107908_671.jpg,n02107683-Bernese_mountain_dog,n02107908-Appenzeller,train,test,10,22,False,False,False,True,train-test
n02107683-Bernese_mountain_dog/n02107683_61.jpg,n02110806-basenji/n02110806_3489.jpg,n02107683-Bernese_mountain_dog,n02110806-basenji,train,train,10,24,False,False,False,False,train-train
n02108089-boxer/n02108089_1912.jpg,n02110627-affenpinscher/n02110627_3286.jpg,n02108089-boxer,n02110627-affenpinscher,test,test,10,28,False,False,False,False,test-test
n02108089-boxer/n02108089_2360.jpg,n02110806-basenji/n02110806_2551.jpg,n02108089-boxer,n02110806-basenji,train,train,10,30,False,False,False,False,train-train
n02108089-boxer/n02108089_2791.jpg,n02110806-basenji/n02110806_1688.jpg,n02108089-boxer,n02110806-basenji,train,train,10,24,False,False,False,False,train-train
n02108089-boxer/n02108089_485.jpg,n02112018-Pomeranian/n02112018_2896.jpg,n02108089-boxer,n02112018-Pomeranian,train,train,10,28,False,False,False,False,train-train
n02108422-bull_mastiff/n02108422_3086.jpg,n02111500-Great_Pyrenees/n02111500_5618.jpg,n02108422-bull_mastiff,n02111500-Great_Pyrenees,train,val,10,24,False,False,False,True,train-val
n02108422-bull_mastiff/n02108422_3086.jpg,n02111500-Great_Pyrenees/n02111500_6401.jpg,n02108422-bull_mastiff,n02111500-Great_Pyrenees,train,train,10,24,False,False,False,False,train-train
n02108551-Tibetan_mastiff/n02108551_5682.jpg,n02113799-standard_poodle/n02113799_1864.jpg,n02108551-Tibetan_mastiff,n02113799-standard_poodle,train,train,10,28,False,False,False,False,train-train
n02108915-French_bulldog/n02108915_2380.jpg,n02111129-Leonberg/n02111129_1583.jpg,n02108915-French_bulldog,n02111129-Leonberg,test,train,10,30,False,False,False,True,train-test
n02109047-Great_Dane/n02109047_6042.jpg,n02110627-affenpinscher/n02110627_3730.jpg,n02109047-Great_Dane,n02110627-affenpinscher,val,train,10,24,False,False,False,True,train-val
n02109047-Great_Dane/n02109047_744.jpg,n02110806-basenji/n02110806_6035.jpg,n02109047-Great_Dane,n02110806-basenji,train,train,10,30,False,False,False,False,train-train
n02110063-malamute/n02110063_17548.jpg,n02111500-Great_Pyrenees/n02111500_6338.jpg,n02110063-malamute,n02111500-Great_Pyrenees,val,train,10,24,False,False,False,True,train-val
n02110185-Siberian_husky/n02110185_14283.jpg,n02113712-miniature_poodle/n02113712_777.jpg,n02110185-Siberian_husky,n02113712-miniature_poodle,test,train,10,32,False,False,False,True,train-test
n02110185-Siberian_husky/n02110185_7413.jpg,n02111500-Great_Pyrenees/n02111500_260.jpg,n02110185-Siberian_husky,n02111500-Great_Pyrenees,train,test,10,32,False,False,False,True,train-test
n02110627-affenpinscher/n02110627_12003.jpg,n02110627-affenpinscher/n02110627_8071.jpg,n02110627-affenpinscher,n02110627-affenpinscher,train,val,10,24,False,False,True,True,train-val
n02110627-affenpinscher/n02110627_12025.jpg,n02110627-affenpinscher/n02110627_6991.jpg,n02110627-affenpinscher,n02110627-affenpinscher,train,train,10,12,False,False,True,False,train-train
n02110627-affenpinscher/n02110627_3286.jpg,n02112137-chow/n02112137_2028.jpg,n02110627-affenpinscher,n02112137-chow,test,train,10,20,False,False,False,True,train-test
n02110627-affenpinscher/n02110627_3286.jpg,n02113186-Cardigan/n02113186_8812.jpg,n02110627-affenpinscher,n02113186-Cardigan,test,train,10,24,False,False,False,True,train-test
n02110627-affenpinscher/n02110627_8949.jpg,n02113712-miniature_poodle/n02113712_112.jpg,n02110627-affenpinscher,n02113712-miniature_poodle,train,train,10,34,False,False,False,False,train-train
n02110806-basenji/n02110806_4188.jpg,n02110806-basenji/n02110806_673.jpg,n02110806-basenji,n02110806-basenji,train,train,10,12,False,False,True,False,train-train
n02110806-basenji/n02110806_5238.jpg,n02112018-Pomeranian/n02112018_2896.jpg,n02110806-basenji,n02112018-Pomeranian,train,train,10,36,False,False,False,False,train-train
n02110806-basenji/n02110806_5660.jpg,n02115913-dhole/n02115913_219.jpg,n02110806-basenji,n02115913-dhole,test,train,10,28,False,False,False,True,train-test
n02110958-pug/n02110958_14179.jpg,n02113186-Cardigan/n02113186_9902.jpg,n02110958-pug,n02113186-Cardigan,test,train,10,32,False,False,False,True,train-test
n02111129-Leonberg/n02111129_1662.jpg,n02111129-Leonberg/n02111129_3595.jpg,n02111129-Leonberg,n02111129-Leonberg,val,train,10,12,False,False,True,True,train-val
n02111129-Leonberg/n02111129_1708.jpg,n02111129-Leonberg/n02111129_1851.jpg,n02111129-Leonberg,n02111129-Leonberg,test,train,10,14,False,False,True,True,train-test
n02111129-Leonberg/n02111129_1965.jpg,n02111129-Leonberg/n02111129_2235.jpg,n02111129-Leonberg,n02111129-Leonberg,train,train,10,8,False,False,True,False,train-train
n02111129-Leonberg/n02111129_207.jpg,n02111889-Samoyed/n02111889_91.jpg,n02111129-Leonberg,n02111889-Samoyed,train,val,10,30,False,False,False,True,train-val
n02111129-Leonberg/n02111129_4677.jpg,n02112018-Pomeranian/n02112018_2590.jpg,n02111129-Leonberg,n02112018-Pomeranian,train,val,10,24,False,False,False,True,train-val
n02111129-Leonberg/n02111129_4677.jpg,n02112350-keeshond/n02112350_7141.jpg,n02111129-Leonberg,n02112350-keeshond,train,train,10,24,False,False,False,False,train-train
n02111129-Leonberg/n02111129_4677.jpg,n02113186-Cardigan/n02113186_11073.jpg,n02111129-Leonberg,n02113186-Cardigan,train,train,10,26,False,False,False,False,train-train
n02111277-Newfoundland/n02111277_14330.jpg,n02115913-dhole/n02115913_5469.jpg,n02111277-Newfoundland,n02115913-dhole,val,train,10,26,False,False,False,True,train-val
n02111277-Newfoundland/n02111277_2411.jpg,n02111277-Newfoundland/n02111277_3456.jpg,n02111277-Newfoundland,n02111277-Newfoundland,train,train,10,16,False,False,True,False,train-train
n02111500-Great_Pyrenees/n02111500_6401.jpg,n02112018-Pomeranian/n02112018_6121.jpg,n02111500-Great_Pyrenees,n02112018-Pomeranian,train,train,10,22,False,False,False,False,train-train
n02111500-Great_Pyrenees/n02111500_9116.jpg,n02111889-Samoyed/n02111889_4142.jpg,n02111500-Great_Pyrenees,n02111889-Samoyed,train,train,10,22,False,False,False,False,train-train
n02111889-Samoyed/n02111889_16090.jpg,n02113023-Pembroke/n02113023_15926.jpg,n02111889-Samoyed,n02113023-Pembroke,test,train,10,24,False,False,False,True,train-test
n02111889-Samoyed/n02111889_1995.jpg,n02115913-dhole/n02115913_1060.jpg,n02111889-Samoyed,n02115913-dhole,train,val,10,24,False,False,False,True,train-val
n02111889-Samoyed/n02111889_2835.jpg,n02115913-dhole/n02115913_1060.jpg,n02111889-Samoyed,n02115913-dhole,val,val,10,26,False,False,False,False,val-val
n02111889-Samoyed/n02111889_4142.jpg,n02112137-chow/n02112137_3706.jpg,n02111889-Samoyed,n02112137-chow,train,train,10,28,False,False,False,False,train-train
n02111889-Samoyed/n02111889_4142.jpg,n02115913-dhole/n02115913_1060.jpg,n02111889-Samoyed,n02115913-dhole,train,val,10,28,False,False,False,True,train-val
n02111889-Samoyed/n02111889_662.jpg,n02112137-chow/n02112137_13330.jpg,n02111889-Samoyed,n02112137-chow,train,train,10,32,False,False,False,False,train-train
n02112018-Pomeranian/n02112018_2846.jpg,n02113624-toy_poodle/n02113624_3864.jpg,n02112018-Pomeranian,n02113624-toy_poodle,train,train,10,26,False,False,False,False,train-train
n02112018-Pomeranian/n02112018_2896.jpg,n02113023-Pembroke/n02113023_894.jpg,n02112018-Pomeranian,n02113023-Pembroke,train,train,10,36,False,False,False,False,train-train
n02112018-Pomeranian/n02112018_2896.jpg,n02113624-toy_poodle/n02113624_6060.jpg,n02112018-Pomeranian,n02113624-toy_poodle,train,train,10,30,False,False,False,False,train-train
n02112018-Pomeranian/n02112018_3494.jpg,n02115913-dhole/n02115913_1060.jpg,n02112018-Pomeranian,n02115913-dhole,val,val,10,24,False,False,False,False,val-val
n02112137-chow/n02112137_16777.jpg,n02112137-chow/n02112137_3706.jpg,n02112137-chow,n02112137-chow,val,train,10,18,False,False,True,True,train-val
n02112137-chow/n02112137_3706.jpg,n02115913-dhole/n02115913_1060.jpg,n02112137-chow,n02115913-dhole,train,val,10,22,False,False,False,True,train-val
n02113186-Cardigan/n02113186_9902.jpg,n02113624-toy_poodle/n02113624_3864.jpg,n02113186-Cardigan,n02113624-toy_poodle,train,train,10,30,False,False,False,False,train-train
n02113186-Cardigan/n02113186_9902.jpg,n02113799-standard_poodle/n02113799_1922.jpg,n02113186-Cardigan,n02113799-standard_poodle,train,train,10,26,False,False,False,False,train-train
n02113624-toy_poodle/n02113624_3864.jpg,n02113624-toy_poodle/n02113624_8943.jpg,n02113624-toy_poodle,n02113624-toy_poodle,train,train,10,24,False,False,True,False,train-train
n02113624-toy_poodle/n02113624_3864.jpg,n02113712-miniature_poodle/n02113712_112.jpg,n02113624-toy_poodle,n02113712-miniature_poodle,train,train,10,32,False,False,False,False,train-train
n02113712-miniature_poodle/n02113712_112.jpg,n02115641-dingo/n02115641_1940.jpg,n02113712-miniature_poodle,n02115641-dingo,train,train,10,30,False,False,False,False,train-train
n02113712-miniature_poodle/n02113712_612.jpg,n02113712-miniature_poodle/n02113712_885.jpg,n02113712-miniature_poodle,n02113712-miniature_poodle,test,train,10,18,False,False,True,True,train-test
